ASN,Name,Adjacencies v4,Routes v4,Adjacencies v6,Routes v6
4455,IX Reach Ltd,"2,243",454,"1,310",54
9002,RETN Limited,"2,177","45,094","2,459","5,595"
8220,COLT Technology Services Group Limited,"1,993","6,338",886,744
25160,Vorboss Limited,"1,918",86,"1,477",111
30844,Liquid Telecommunications Ltd,"1,337","2,669",269,163
50300,CustodianDC Limited,"1,057",53,854,15
25369,Hydra Communications Ltd,956,322,447,24
41095,IPTP LTD,947,723,530,295
60068,Datacamp Limited,801,"1,408",473,234
15412,FLAG TELECOM UK LIMITED,688,"8,721",225,336
50763,MCKAYCOM LTD,683,6,580,5
28792,Public Internet Ltd,675,12,83,2
31742,Sota Solutions Ltd.,663,20,508,3
48070,DSM (GB) Limited,654,10,512,10
41811,CONVERGENCE (GROUP NETWORKS) LIMITED,641,16,60,1
35266,EX Networks Limited,628,48,442,13
207841,Inferno Communications Ltd,591,9,381,328
3170,VeloxServ Communications Ltd,569,111,347,182
8426,Claranet Limited,530,131,365,30
52025,ParadoxNetworks Limited,460,12,203,41
3223,Voxility LLP,397,"1,864",105,35
6894,KDDI Europe Ltd,368,19,392,1
60064,HOSTPALACE DATACENTERS LTD,284,32,103,2
44444,Forcepoint Cloud Ltd,269,193,181,3
1273,Vodafone Group PLC,269,"29,395",187,"3,312"
48297,The Penguin Collective Ltd,267,1,237,1
62240,Clouvider Limited,255,"1,396",213,"1,248"
34465,NCRYPTD NET LTD,249,50,275,88
13213,UK-2 Limited,249,483,211,50
2856,British Telecommunications PLC,246,"4,523",49,56
13002,ISIX Communications LLP,217,24,182,7
13285,TalkTalk Communications Limited,216,180,60,9
5413,Daisy Corporate Services Trading Ltd,210,147,151,12
44356,Epsilon Telecommunications Ltd,206,58,68,2
56382,vServer.site LTD,195,28,181,26
44684,Mythic Beasts Ltd,193,39,174,30
198781,Connect Managed Services (UK) Limited,168,32,46,1
200052,Feral.io Ltd,165,1,0,0
61323,ANS ACADEMY LIMITED,161,128,142,15
43009,Infobip Limited,160,36,4,2
47272,HYEHOST LTD,155,8,194,71
42831,UK Dedicated Servers Limited,153,358,119,67
29606,Borwood Ltd,150,7,1,1
5400,British Telecommunications PLC,148,"1,405",81,86
16164,Sohonet Limited,146,57,64,2
31084,MAGRATHEA TELECOMMUNICATIONS LIMITED,143,4,73,1
49375,No One Internet Ltd,142,5,100,4
34854,Staclar Carrier Ltd.,142,8,255,9
209181,Zenex 5ive Limited,142,53,114,8
20860,IOMART CLOUD SERVICES LIMITED,139,421,98,47
31727,Node4 Limited,136,135,88,7
8468,Cityfibre Limited,134,110,99,12
56595,Fluency Communications Ltd,134,89,94,12
8714,London Internet Exchange Ltd.,133,571,0,0
61231,Neos Networks Limited,132,52,86,7
3252,Fiberax Networking&Cloud Ltd.,132,19,0,0
2818,BBC,129,4,98,2
60610,Amito Ltd,127,103,89,10
8607,Digital Space Group Limited,126,38,92,6
13037,Zen Internet Ltd,125,40,83,2
13009,Redcentric Solutions Ltd,125,106,71,18
29017,NTT Global Data Centers EMEA UK Ltd.,124,6,68,4
8680,Sure (Guernsey) Limited,123,103,42,5
51043,Aspire Technology Solutions Ltd,123,30,95,6
42689,Glide Student & Residential Limited,123,146,96,5
41230,ASK4 Limited,123,21,45,9
25180,Exponential-E Ltd.,122,183,52,8
207701,Talia Limited,122,30,120,3
61049,Exascale Limited,121,27,66,4
31515,INMARSAT GLOBAL LIMITED,121,73,68,3
20712,Andrews & Arnold Ltd,121,73,101,23
16353,Merula Limited,121,34,67,8
16082,Spitfire Network Services Limited,121,13,61,2
35575,Vaioni Group Ltd,120,44,82,2
35228,Telefonica UK Limited,120,109,0,0
31708,Coreix Ltd,120,50,78,7
29611,Elite Limited,120,33,78,4
24916,Orbital Net Ltd,120,52,64,1
16247,M247 Ltd,120,72,86,1
51945,ConnetU Ltd.,119,13,73,3
45014,Nuco Technologies Ltd,119,101,87,5
39175,Connective Online Limited,119,10,87,2
34442,BNW TECHNOLOGY LTD,119,15,61,1
12703,Pulsant (Scotland) Ltd,119,82,88,23
47480,Blue Tiger Solutions Limited,118,11,0,0
51561,ICUK Computing Services Limited,117,41,67,2
39326,HighSpeed Office Limited,117,134,75,16
35826,Netservers Limited,117,18,86,4
3213,Bogons Ltd,117,14,90,3
12576,EE Limited,117,37,89,2
60800,Netwise Hosting Ltd,116,40,93,9
8282,IP ASSET MANAGEMENT SERVICES LTD,115,22,19,3
35180,Broadsoft LTD,115,6,3,2
59395,Southern Communications Ltd,114,26,77,3
43545,Teledata UK Limited,114,13,4,4
33920,(aq) networks limited,114,13,89,4
25460,The Networking People (TNP) Limited,114,23,63,2
21267,Wavenet Limited,114,51,76,2
62313,Proact IT UK Limited,113,24,0,0
41000,Freethought Internet Limited,113,11,65,3
31472,VoiceHost Ltd,113,16,88,2
30740,Exa Networks Limited,113,13,87,9
12390,KCOM GROUP LIMITED,113,26,85,3
8683,Nominet UK,112,10,83,4
5631,Telcom Networks Limited,112,22,80,3
41354,ITS Technology Group Limited,112,35,78,4
25376,Netnorth Limited,112,5,37,6
205975,Fibre Assets Ltd,112,10,89,4
201838,Community Fibre Limited,112,103,85,2
61124,Marston's Telecoms Limited,111,7,85,2
48266,Catixs Ltd,111,17,24,10
48101,Trooli Ltd.,111,47,63,7
47638,Cadence Networks Ltd,111,13,89,5
24594,Voiceflex Ltd,111,4,58,1
212655,YouFibre Limited,111,14,84,2
199713,MLL Telecom Ltd.,111,16,0,0
9153,Burstfire Networks Ltd,110,10,30,3
60793,TELEFONICA TECH NORTHERN IRELAND LIMITED,110,7,82,1
49425,Digital Realty (UK) Limited,110,36,73,4
39202,Global Radio Limited,110,1,78,1
34066,Telappliant Limited,110,11,0,0
212027,Daniel Jackson,110,45,84,55
58273,Broadband for the Rural North Limited.,109,47,80,15
42611,Zzoomm plc,109,8,85,1
31631,Telcom Networks Limited,109,26,82,2
21472,ServerHouse Ltd,109,20,56,4
211597,Lit Fibre Group Ltd.,109,4,78,1
210893,Layered Technologies Limited,109,14,82,1
6717,Internet Central Limited,108,4,7,1
60326,MrSheepNET LTD,108,2,121,19
59659,Securus Communications Ltd.,108,25,59,1
57793,1310 Limited,108,16,82,7
57356,Highland Network Ltd,108,33,0,0
5378,Vodafone Limited,108,50,3,1
43519,Nominet UK,108,35,84,44
41495,Faelix Limited,108,23,74,19
41107,Backbone Connect Limited,108,16,26,1
3300,British Telecommunications PLC,108,148,80,30
29527,Astutium Limited,108,13,55,2
206347,Wessex Internet Limited,108,34,0,0
15510,Compuweb Communications Services Limited,108,20,83,3
62163,IP River Limited,107,20,1,1
60670,WideFM Ltd,107,12,3,9
5482,AllPoints Fibre Limited,107,42,85,21
50823,PBX Hosting Ltd,107,3,0,0
34270,Internet Connections Ltd,107,5,3,2
34119,Wildcard UK Limited,107,15,2,1
205892,Nomical Ltd,107,10,75,1
202282,FIBRUS NETWORKS LTD,107,15,46,1
198736,Stream Networks Ltd,107,9,75,1
5503,RM Education Ltd,106,27,62,2
5459,London Internet Exchange Ltd.,106,6,82,1
51809,BRSK Limited,106,10,82,1
51553,Telecom Plus PLC,106,9,0,0
51409,sipsynergy Ltd,106,14,0,0
207995,Lightning Fibre Ltd,106,4,26,1
206626,Professional Software Design Ltd,106,7,0,0
196881,Liberty-izone Ltd,106,8,53,1
8530,Wavenet Limited,105,10,1,1
60868,Runtime Collective Limited,105,3,81,1
56990,Syscomm Limited,105,6,76,1
56329,Gigaclear Limited,105,27,60,3
51055,Bridge Fibre Limited,105,9,82,2
49158,WIFINITY NETWORKS LIMITED,105,6,0,0
47998,Oscar Music & Media Ltd.,105,1,81,1
44314,ITsynergy Limited,105,4,54,2
39537,SysGroup plc,105,48,10,3
30827,Extraordinary Managed Services Ltd,105,11,73,3
29006,Acora Limited,105,2,77,1
20799,Datanet.co.uk Ltd,105,7,57,2
206483,Red Matter Limited,105,2,0,0
204598,Village Networks Ltd.,105,3,0,0
202596,G.Network Communications Limited,105,52,0,0
197898,Integrated Digital Services Ltd,105,19,83,9
786,Jisc Services Limited,104,329,51,16
59811,Voneus Ltd,104,3,83,2
59778,Synextra Limited,104,13,0,0
48945,OPEN FIBRE NETWORKS (WHOLESALE) LIMITED,104,40,77,2
43013,York Data Services Limited,104,2,37,1
42344,Subtopia Ltd,104,3,75,2
39356,Avanti Broadband Ltd,104,37,76,5
35399,Online50 Limited,104,11,2,1
34746,AXA Insurance UK plc,104,1,0,0
211393,Vitrifi Limited,104,3,81,1
208802,Netavo Global Data Services Ltd,104,3,0,0
206067,Hutchison 3G UK Limited,104,162,85,53
205771,OCTAPLUS NETWORKS LTD,104,8,58,2
59455,Clearstream Technology ltd,103,13,76,1
210627,Grayshott Gigabit Limited,103,2,77,1
206934,Beeks Financial Cloud Ltd,103,14,0,0
204264,Pure IP Limited,103,1,0,0
203851,CSD Network Services Ltd,103,9,0,0
203582,M-Tech Systems Ltd,103,1,0,0
201277,Eloquent Technologies Ltd,103,1,76,1
199775,Connexin Limited,103,14,0,0
62217,Vinters IT Ltd,102,17,78,17
60377,toob limited,102,2,81,1
59933,Sensical Services Limited,102,3,77,1
50489,Ori Industries 1 Limited,102,6,76,10
35437,Zone Telecommunications Ltd,102,5,4,1
208621,LogicForge Limited,102,15,96,8
204558,Odyssey Systems Ltd,102,4,77,1
62227,EKCO CLOUD EDINBURGH LIMITED,101,1,78,1
61337,Electronic Communities Ltd,101,14,21,2
61215,IIJ Europe Limited,101,4,78,1
57653,Central Technology Ltd,101,4,77,1
51823,Microtalk Europe Ltd,101,2,0,0
50023,VCG TECHNOLOGY SERVICES LIMITED,101,5,0,0
49823,Hastingwood Securities Ltd,101,19,0,0
47631,SIP COMMUNICATIONS LIMITED,101,8,84,2
39208,I.P. Integration Limited,101,9,1,2
208636,SDC Hosting and Support Ltd,101,4,0,0
206530,VOXYONDER NETWORK SERVICES UK LTD,101,1,0,0
203568,Airband Community Internet Ltd,101,7,79,1
203421,Baltic Broadband Limited,101,3,3,1
201261,The Watershed Arts Trust Ltd,101,1,0,0
199335,Talk Straight Ltd.,101,18,2,1
60255,Internetty Ltd,100,6,56,1
50889,NVIDIA Ltd,100,31,0,0
209326,Colchester Amphora Trading Ltd,100,12,0,0
12496,Infinity Developments Limited,100,19,91,5
5607,Sky UK Limited,99,49,81,18
29452,Secura Hosting Ltd,99,5,76,1
213094,Full Fibre Limited,99,6,77,1
205479,Luke Eiji Granger-Brown,99,4,76,7
6908,Six Degrees Technology Group Limited,98,92,68,10
58007,Witine Limited,98,1,49,1
210062,Barritel Ltd,98,4,56,1
199452,MS3 Networks Ltd,98,10,0,0
58188,Sharpstream Ltd,97,3,66,4
42228,Brightstar Limited,97,10,84,2
39602,The Cent.re Group Limited,97,5,61,3
205389,Zoom Internet Ltd,96,1,73,1
199716,Bletchley Networks Limited,96,2,0,0
212263,Rocket Fibre Ltd,95,26,63,6
209505,Unchained ISP Limited,95,3,61,2
201126,CDW Ltd,95,12,0,0
29668,vXtream Ltd,94,41,8,3
212109,Squirrel Internet Ltd,94,8,37,2
211029,XTX Markets Limited,94,3,0,0
202020,Flexgrid Ltd,94,8,0,0
39875,Zycomm Electronics Limited,93,2,0,0
206324,Stellium Networks Limited,92,3,75,2
56478,Hyperoptic Ltd,91,92,81,2
5500,Chess ICT Ltd,91,11,78,3
48294,Spectrum Internet Ltd,91,17,72,1
42004,VOIP-UN LIMITED,91,6,76,1
206999,Oakford Internet Services Ltd,91,8,0,0
199481,Node4 Hosting Limited,91,4,0,0
8851,GCI Network Solutions Limited,90,249,35,6
20915,CYBERHIVE LTD,90,2,38,1
203372,GSA Capital Services Ltd,90,3,0,0
35551,TGL Services (UK) Ltd,89,3,4,1
199468,GRAIN COMMUNICATIONS LIMITED,89,4,39,2
59439,EvolveIP LTD,88,2,2,2
49572,Fujitsu Services Ltd.,88,9,67,1
48825,Fast4networks Ltd,88,3,0,0
47999,Verint Systems UK Limited,88,1,7,1
41379,Nationwide Telephone Assistance Ltd,88,3,0,0
211307,Upp Corporation Limited,88,2,1,1
56474,Computacenter (UK) Ltd,87,14,0,0
203416,I.T Communications Limited,87,5,69,1
198554,8X8 UK Limited,87,6,0,0
15654,Civica UK Ltd.,87,2,0,0
49415,VTSL Ltd,86,5,0,0
44749,Pinnacom Ltd,86,1,49,9
60426,WightFibre Limited,85,3,62,2
44503,Charterhouse Voice & Data Ltd.,84,10,0,0
47704,Academia Ltd,83,3,73,2
43872,Optinet U.K. Limited,82,15,23,2
204316,Link broadbands limited,82,7,66,1
211501,High Tide Group Limited,81,2,54,5
5089,Virgin Media Limited,80,438,4,2
42044,CentralNic Ltd,80,4,73,5
200700,BMC TV LTD,80,5,0,0
6660,Vodafone Limited,79,96,49,2
29550,Simply Transit Ltd,79,61,44,15
21433,Accenture UK Limited,79,303,40,105
60439,SERVERNET INTERNET LIMITED,78,12,59,2
48688,Thales UK Ltd,78,4,0,0
41678,The Internet Business Ltd,76,20,0,0
5564,Brightsolid Online Technology Ltd,75,4,56,1
61012,Livedrive Internet Ltd.,74,3,63,1
42010,I.T. PROFESSIONAL SERVICES LIMITED,74,14,8,3
212694,Applied Satellite Technology Ltd,74,2,62,1
51918,Cerberus Networks Ltd,72,23,64,2
8902,Internet For Business Ltd.,71,8,58,1
51263,County Broadband Ltd,71,13,21,1
29009,UK Broadband Ltd.,71,4,59,1
35071,Xoom Limited,70,7,0,0
210874,Box Broadband Limited,70,3,51,1
47935,Quantum Communications Ltd,69,1,61,1
42909,Community DNS Limited,69,5,38,3
57099,Boundless Networks Limited,68,14,0,0
201933,4net Technologies Ltd,68,5,57,7
49490,Circlenet LLP,66,2,52,1
207456,Pangea Connected Limited,66,21,0,0
44477,STARK INDUSTRIES SOLUTIONS LTD,65,"1,258",53,56
41484,NYnet Ltd,65,20,75,1
28757,Scotnet.co.uk Ltd,65,12,2,1
41695,VOSTRON Limited,64,3,52,1
12290,Exonetric Consulting Ltd,63,1,53,1
207310,Cinos Communications Services Limited,62,4,0,0
49915,Megaport (UK) Limited,59,29,48,28
25577,CloudCoCo Connect Limited,57,106,47,10
210667,Adam Goodenough,56,4,76,18
41564,Orion Network Limited,55,178,18,6
34555,C.C.S. (Leeds) Ltd,54,20,2,1
49418,NETSHIELD LTD,53,6,25,7
48273,essensys Ltd,52,20,0,0
209022,Tschajera Limited,48,1,330,29
207960,AS207960 Cyfyngedig,48,1,44,10
25098,Netcalibre Ltd,45,29,43,4
59816,Safe Hosts Internet LLP,43,15,25,1
211041,GoFiber Ltd,43,3,35,2
210644,AEZA INTERNATIONAL LTD,43,170,14,33
32708,LoadEdge Limited,42,161,7,4
8676,PRT Systems Limited,41,13,42,6
41847,Daniel O'Mahony,41,18,30,6
21396,NetConnex Broadband Ltd.,41,21,27,6
200950,Lyratris Limited,41,1,35,1
58349,Elna Paulette Lafortune trading as INNETRA PC,40,11,2,1
34660,iDAQ Ltd.,40,12,41,4
59813,Konstantin Verba,39,3,30,7
31655,Gamma Telecom Holdings Ltd,39,41,18,3
29446,ChunkyChips.net Limited,39,2,0,0
15692,Razorblue Ltd,39,12,37,6
12519,FastNet International Ltd,39,16,36,1
50131,Spartan Host Ltd,38,47,29,308
41103,teleBIZZ Ltd,38,2,24,2
210619,Monkey Tree Hosting Limited,38,10,23,2
203346,Proper Support LLP,38,130,0,0
202297,Skylon Solutions Limited,38,3,9,9
200675,NORTHERN DATA SERVICES (UK) LIMITED,38,5,32,2
199283,STRUCTURED COMMUNICATIONS LIMITED,38,23,39,1
44332,Centrilogic Ltd,37,4,1,2
208563,CodeReactor Limited,37,2,29,1
64415,Ashgoal Limited,36,3,0,0
8838,Compuweb Communications Services Limited,35,2,0,0
60981,Triangle Networks Ltd,35,7,78,2
31445,Fiberax Networking&Cloud Ltd.,35,22,0,0
210412,Hampstead Fibre Ltd,35,3,36,2
205012,Giant Communications Ltd,35,1,22,1
197669,CloudCall LTD,35,3,27,3
8943,Jump Networks Ltd,34,74,18,7
60193,Wurzel Ltd,34,4,23,1
21339,Contingency Networks Ltd,34,5,0,0
34790,TFM NETWORKS LIMITED,33,6,5,2
211371,Telet Research (N.I) Limited,33,1,1,1
204778,Paul Nicholas Lewis,33,1,21,1
12775,JPC Infonet Ltd,33,7,36,3
60011,Mythic Beasts Ltd,32,21,23,135
41232,Beeline Broadband Ltd,32,1,0,0
214323,Marcus Hughes,31,1,19,1
57483,Ian Chilton,29,1,35,10
50287,Audatex (UK) Ltd,29,2,15,1
215551,KeFF Networks Ltd,29,18,14,4
51782,Voneus Ltd,28,2,0,0
211244,Harley Tomas Watson,28,1,13,1
51601,IPTP LTD,26,5,13,2
51048,Next Connex Ltd,26,54,82,7
60735,Konstantin Verba,25,1,19,1
49134,10VPN Research Network LTD,23,65,32,5
57907,CloudConnX Limited,22,2,36,1
57624,Beeks Financial Cloud Ltd,22,17,0,0
39522,Converged Communication Solutions Limited,22,11,1,1
59953,Purefibre Internet Ltd.,21,5,22,2
15570,PACKETFABRIC (UK) LTD,21,73,5,4
8330,LONAP Ltd,20,2,22,1
58325,Hydra Communications Ltd,20,4,20,2
41400,R.M. Wotton T/A G-Net Online,20,2,21,1
39545,Fluidone Ltd.,20,44,8,1
208393,Dedcloud Network Ltd,19,2,1,2
58065,Orion Network Limited,18,381,6,6
56745,Kalnet4u Ltd,18,1,22,1
29457,Options Technology Ltd,18,46,3,4
208091,XHOST INTERNET SOLUTIONS LP,18,13,15,1
203394,MDCLOUD LTD,18,9,10,4
205996,Interfiber Ltd,17,53,12,39
61414,EDGENAP LTD,16,18,5,1
51392,Fusioned Ltd,16,1,2,1
48024,NEROCLOUD LTD,16,38,12,14
21371,EQUINIX (SERVICES) LIMITED,16,3,0,0
200994,Club Communications Ltd,16,49,4,1
51329,CONNECTION NETWORKS L.P.,15,2,0,0
41281,KeFF Networks Ltd,15,5,5,3
35196,FIRST SERVER LIMITED,15,92,6,18
58246,Lothian Broadband Networks Limited,14,3,12,1
36218,WHG Hosting Services Ltd,14,8,0,0
28886,RETN Limited,14,15,2,1
209199,Cloud Unboxed Limited,14,4,0,0
59895,Binary Racks Limited,13,21,6,4
59538,UPSTREAM NETWORK LTD,13,26,11,9
52041,"Scaleblade, Ltd.",13,10,23,29
43599,Broadband N.I. Ltd.,13,7,0,0
42353,Simwood eSMS Limited,13,15,0,0
25108,IOMART MANAGED SERVICES LIMITED,13,5,1,1
215759,Ziax Ltd,13,2,8,3
215128,IONLINE INTERNET SOLUTIONS PROVIDER LTD,13,4,2,1
214770,RGN Holding Ltd.,13,1,20,5
210000,DAOport Internet Infrastructure Holdings Limited,13,4,15,14
205394,CSL (DualCom) Limited,13,16,9,7
203446,SMARTNET LIMITED,13,36,9,12
16260,GTT - EMEA Ltd.,13,10,5,3
47474,Virtual1 Limited,12,45,2,3
214455,RETN Limited,12,1,0,0
212068,Alioth Systems Limited,12,3,45,5
198426,Voneus Ltd,12,2,10,1
33941,GConnect Technology Ltd,11,7,6,1
213150,Laurence White,11,1,8,1
212175,Stelia Ltd,11,15,59,3
210993,SPACECORE SOLUTION LTD,11,5,0,0
208590,Lasagna Ltd,11,1,9,1
201714,Link IP Networks Ltd,11,6,0,0
200904,FOXCLOUD LLP,11,21,0,0
48910,PACKETFABRIC (UK) LTD,10,24,7,5
47890,UNMANAGED LTD,10,84,3,3
44646,Gamesys Ltd.,10,12,0,0
42009,AVR Group Limited,10,4,5,1
41357,34SP.com Limited,10,4,3,1
33967,Lancashire County Council,10,4,0,0
21099,Game Retail Ltd,10,3,0,0
199516,PACKNET LIMITED,10,5,6,1
199286,Abtec Network Systems LTD,10,3,0,0
12701,Barclays Bank plc,10,29,0,0
12488,Krystal Hosting Ltd,10,22,7,5
61112,AKILE LTD,9,92,13,22
60672,ServerChoice Ltd,9,47,4,4
57168,Amito Ltd,9,24,0,0
5587,Itility Limited,9,14,2,1
47264,LDeX Connect LTD,9,58,2,3
31641,Atlas Communications (NI) Ltd,9,10,77,1
31463,4D Data Centres Limited,9,76,5,7
212781,Hypercon Ltd,9,1,1,1
204174,Fifth Dog Network Limited,9,13,8,24
203649,GO INTERNET LTD,9,13,3,1
201971,CreeperHost LTD,9,24,5,2
8553,Avensys Networks Ltd,8,7,3,1
51551,Capita Business Services Ltd,8,16,4,3
49683,MASSIVEGRID LTD,8,31,1,3
48804,GMO GlobalSign Ltd,8,3,8,3
30931,IG Index Ltd.,8,14,25,2
216047,XDPCLOUD LTD,8,8,0,0
215304,YUWAN NETWORKS LIMITED,8,7,18,44
20596,Future Publishing Ltd,8,1,5,3
202939,Chimon Technology Ltd,8,1,53,16
15753,BP International Ltd,8,11,0,0
136620,VMHaus Limited,8,7,9,9
62059,Turbo Leisure Ltd,7,3,0,0
60890,CentralNic Ltd,7,3,5,3
57586,TOURLINK ORGANIZATION LLP,7,1,0,0
57022,HFD DATAVITA LIMITED,7,10,1,2
5555,Sohonet Limited,7,67,1,2
50292,Access UK Ltd,7,32,0,0
50156,Boxed IT Ltd.,7,3,6,2
44521,Jagex Limited,7,13,0,0
42705,Talia Limited,7,22,3,5
41477,LMAX Limited,7,6,0,0
34931,Awareness Software Limited,7,8,0,0
31404,LYCATEL DISTRIBUTION UK LIMITED,7,24,2,1
24958,CYBERFORT LIMITED,7,25,4,1
213183,WHG Hosting Services Ltd,7,3,0,0
208046,ColocationX Ltd.,7,14,2,15
205544,Leaseweb UK Limited,7,45,5,34
202400,TAIPEI101 NETWORK LTD,7,1,9,7
196674,Speedflow Communications Ltd,7,4,2,1
8444,JANUS HENDERSON ADMINISTRATION UK LIMITED,6,8,0,0
8336,THE INNOVATION GROUP (EMEA) LTD,6,4,0,0
61373,Connect The World Ltd.,6,21,0,0
60819,Safenames Ltd.,6,62,3,4
56328,VNP DIGITAL Ltd.,6,1,9,3
48254,20i Limited,6,27,5,8
47768,UK Intis Telecom LTD,6,3,0,0
42973,M247 UK Ltd,6,34,0,0
42513,Natilik Ltd,6,4,0,0
42237,w1n ltd,6,9,4,10
41231,Canonical Group Limited,6,12,7,9
30967,TP Global Operations Limited,6,21,0,0
29646,FFastfill UK Limited,6,5,0,0
28959,Vitol Services Ltd,6,5,0,0
28690,Barclays Bank PLC,6,53,0,0
215540,GLOBAL CONNECTIVITY SOLUTIONS LLP,6,79,6,26
208638,Mimecast Services Limited,6,4,0,0
206747,UK Ministry of Defence,6,7,6,7
206078,UltraNetworks Limited,6,4,0,0
205917,Fluidone Ltd.,6,10,0,0
205402,Intercity Technology Ltd,6,19,0,0
201471,Bigstep Cloud Limited,6,24,1,1
199330,CentralNic Ltd,6,3,6,3
15533,Redcentric Solutions Ltd,6,23,1,2
13126,Satellite Mediaport Services Ltd.,6,27,4,1
62403,PLETX LTD,5,10,2,3
62262,Wavenet Limited,5,9,0,0
61302,HUIZE LTD,5,11,8,2
60922,KKM IT Limited,5,8,1,2
60187,London Grid for Learning Trust,5,49,1,2
59717,Arco Limited,5,2,5,1
59445,ICC NETWORKS LTD,5,3,0,0
56533,Netcracker Technology EMEA Limited,5,4,0,0
56396,Amobee EMEA Limited,5,2,3,1
50468,CITRUS TELECOMMUNICATIONS LTD,5,4,0,0
48950,GLOBAL COLOCATION LIMITED,5,39,0,0
48866,Netcracker Technology EMEA Limited,5,5,0,0
44226,Acturis Ltd,5,6,0,0
43207,Quickline Communications Limited,5,13,0,0
39116,Telehouse International Corporation of Europe Ltd,5,14,0,0
34979,39D Services LTD,5,6,36,1
34499,BlackBox Hosting Ltd,5,4,2,1
24633,BCN Group Hosting Ltd,5,2,3,1
215672,MoeChuang Network Limited,5,13,5,7
215208,Dolphin 1337 Limited,5,7,0,0
212581,SGX FX SYSTEMS UK LIMITED,5,10,0,0
212396,FyfeWeb Ltd,5,14,3,3
20878,MeetingZone Limited,5,7,0,0
208420,Link Connectivity Limited,5,4,4,4
207784,HybrIT Services Ltd,5,4,0,0
206686,Nominet UK,5,4,0,0
205847,GoFibre Holdings Limited,5,6,4,3
205654,Labtech Systems Ltd,5,9,0,0
204321,New York Times Limited,5,3,0,0
204260,Registers of Scotland,5,13,0,0
202359,AS207960 Cyfyngedig,5,3,8,14
202154,Brevan Howard Asset Management LLP,5,3,0,0
201902,Bicom Systems Limited,5,4,1,1
201542,Mitel Networks Limited,5,7,0,0
201506,Incito Limited,5,1,5,1
201493,Noble Systems UK Ltd,5,3,0,0
200961,FIL INVESTMENT MANAGEMENT LIMITED,5,7,0,0
199883,ArubaCloud Limited,5,11,2,1
199569,Cognizant Worldwide Limited,5,4,1,1
15768,WorldPay (UK) Limited,5,7,0,0
139853,NOMINET UK,5,7,5,7
12789,DMG Media Limited,5,16,0,0
9086,Docklands Data Centre Ltd,4,9,0,0
8651,MUFG Securities EMEA PLC,4,9,0,0
8435,Lloyds Banking Group PLC,4,27,0,0
62244,Watch Tower Bible and Tract Society of Britain,4,1,4,1
60841,BerryByte Limited,4,5,5,1
60507,Hillside (Technology) Ltd,4,4,0,0
60464,SUPERNET UK LIMITED,4,5,1,1
60045,Kube Networks Ltd,4,7,0,0
60015,Codestone Solutions Limited,4,5,0,0
59820,Astro Communications LTD,4,2,0,0
59803,DATAQUEST (HEATHROW) LIMITED,4,2,0,0
59676,Network Services Ltd.,4,7,2,3
58144,THE STREAMING COMPANY.COM LIMITED,4,3,0,0
56444,Atmoso Limited,4,2,0,0
51545,zsah Limited,4,5,0,0
51439,AIG Europe (Services) Limited,4,7,3,2
51059,Brightbox Systems Ltd,4,5,4,1
50605,Radius Communications Ltd,4,8,0,0
50202,Hiscox Underwriting Group Services Ltd,4,4,0,0
50152,Intermedia Technologies Company Limited,4,3,0,0
49765,Comms365 Limited,4,77,0,0
49744,Intuit Ltd.,4,2,0,0
49354,TANGO NETWORKS UK LTD,4,3,0,0
48620,Beaming Ltd,4,3,2,1
48605,27Fibre Ltd,4,5,0,0
48549,Bringo Group Ltd,4,5,0,0
48447,Sectigo Limited,4,4,4,1
47351,Red Technology Solutions Limited,4,4,0,0
47143,Todayhost Limited,4,21,0,0
44980,Paul Cairney,4,2,0,0
44706,Monty UK Global Limited,4,5,0,0
44022,Barclays Bank PLC,4,21,0,0
43915,TrueSpeed Communications Limited,4,41,4,1
43534,Network Merchants Limited,4,5,0,0
43525,Trenchant Limited,4,3,0,0
41951,GlobecastUK Ltd,4,13,0,0
41538,Inspired Gaming (UK) Limited,4,2,0,0
41383,Wolseley UK Limited,4,8,0,0
39884,iNet Telecoms Ltd,4,3,0,0
39633,COMPUTER SYSTEMS INTEGRATION GROUP LIMITED,4,6,0,0
39097,Maintel Europe Limited,4,12,0,0
35825,Guardian News and Media Limited,4,9,0,0
34967,DRD Communications Limited,4,14,0,0
34350,Man Investments Limited,4,5,0,0
31050,The Framestore Limited,4,2,0,0
30894,SINCH UK LTD.,4,1,0,0
29664,FLAG TELECOM UK LIMITED,4,7,0,0
29636,catalyst2 Services Limited,4,1,4,1
29575,London Stock Exchange PLC,4,7,0,0
29045,IT Action Limited,4,3,0,0
29033,Eckoh UK Limited,4,2,3,4
28816,Chess ICT Ltd,4,6,3,1
25464,Telesign Mobile Limited,4,2,0,0
216425,HANARIN LTD,4,3,4,4
216139,Iron Hosting Centre LTD,4,44,2,2
21439,Morgan Stanley & Co. International PLC,4,6,0,0
213078,WiFi Scotland LLP,4,1,4,1
212633,EE Mobile Telecom Ltd,4,1,0,0
21260,The Positive Internet Company Ltd,4,18,0,0
212238,Datacamp Limited,4,"1,802",2,80
212217,BB-Online UK Ltd,4,4,1,1
212174,Jola Cloud Solutions Ltd,4,23,0,0
211058,ThreatSpike Labs Limited,4,2,0,0
210203,RETN Limited,4,1,0,0
209336,GB Wholesale Networks LTD,4,7,0,0
208564,Bedroq Limited,4,2,0,0
20832,Southern Communications Ltd,4,1,0,0
208035,Venom IT Ltd,4,9,0,0
207936,Konstantin Verba,4,2,2,6
207543,DOWNUNDER GEOSOLUTIONS (LONDON) PTY LIMITED,4,4,2,1
207195,IP Wholesale Limited,4,3,1,1
207162,L3C Limited,4,3,0,0
207087,Pay360 Ltd,4,5,0,0
206870,Brightcloud Ltd,4,2,0,0
206467,Protech Communications Ltd,4,3,0,0
206372,Orca IT Ltd,4,3,0,0
206166,Schroder Investment Management Limited,4,2,0,0
206049,Communicate Technology LTD,4,6,3,1
205039,Beacon Broadband LTD,4,16,0,0
204979,London Internet Exchange Ltd.,4,2,3,2
204413,Hyve Ltd,4,9,4,3
204167,Hyve Ltd,4,13,4,3
203795,FIDELIS MARKETING LIMITED,4,2,0,0
203354,Viewsat ltd,4,3,1,1
203315,Web Wiz Ltd,4,6,5,4
203185,PEBBLETREE LTD,4,8,3,4
203177,BCS Global Networks Limited,4,12,0,0
202787,Withers LLP,4,3,0,0
202466,QBE Management Services (UK) Limited,4,4,0,0
202364,Grid Hosting Limited,4,10,0,0
202312,SMBC Bank International plc,4,5,3,2
202149,Comcast International Holdings UK Limited,4,2,0,0
201867,OXAGON LIMITED,4,4,0,0
201093,Telit Communications Limited,4,6,1,1
200740,FIRST SERVER LIMITED,4,46,3,7
200147,Hosting Techniques Limited,4,4,0,0
199799,Soundmouse Ltd,4,1,3,1
199131,City of York Council,4,1,0,0
198100,WAP.AC LTD,4,16,3,20
198032,Cambridge Assessment,4,1,0,0
197594,Redstor Limited,4,3,0,0
196646,Datum Datacentres Limited,4,4,0,0
132006,Domicilium (IOM) Ltd,4,2,2,1
9179,IP ASSET MANAGEMENT SERVICES LTD,3,1,3,1
9090,PR Newswire Europe Ltd.,3,2,0,0
9011,The Patent Office,3,9,0,0
8916,Portfast Ltd,3,6,2,2
8457,INDEXSCOPE LIMITED,3,11,1,1
62417,DIGITALK Limited,3,4,0,0
62299,Bluematrix Research LTD,3,2,0,0
62224,"Bullhorn, International Limited",3,1,0,0
61097,Softcat Ltd,3,8,3,1
60969,GetOnline Limited,3,8,0,0
60898,Aquis Exchange PLC,3,2,0,0
60885,Zengenti Ltd.,3,4,0,0
60736,KOCHO GROUP LIMITED,3,3,0,0
60339,Hutchison 3G UK Limited,3,1,0,0
60333,The University of Manchester,3,1,0,0
60241,High-Speed Universal Broadband Services C.I.C.,3,3,3,1
60223,Netiface Limited,3,12,3,5
60200,Victor Connect Ltd.,3,3,0,0
60157,Antheus Telecom Ltd,3,6,3,3
60102,Sova Capital Limited,3,2,0,0
60038,TripAdvisor Limited,3,3,0,0
60004,ShaneMcC Ltd,3,2,2,1
59952,Expedia.com Ltd.,3,3,0,0
59597,4COM TECHNOLOGIES LIMITED,3,7,3,2
59565,Cronos Internet Ltd,3,3,2,1
58173,Onwave UK Ltd,3,19,0,0
57567,Gamesys Ltd.,3,7,0,0
57307,Blaze Networks Ltd,3,3,0,0
57276,Optimity Ltd,3,16,2,1
57002,William Hill Organization Ltd,3,22,0,0
56644,Fundtech Financial Messaging Ltd,3,2,0,0
51845,WATERSTONS LIMITED,3,2,0,0
51320,Wireless Logic Limited,3,29,0,0
51047,Turtle Networks Ltd,3,1,0,0
50432,Natwest Markets PLC,3,4,0,0
50422,Natwest Markets PLC,3,6,0,0
50385,HaloCloud Network Limited,3,4,3,3
50173,GTT - EMEA Ltd.,3,7,2,3
50078,X-ON HEALTH LIMITED,3,2,0,0
49882,Paysafe Holdings UK Limited,3,5,0,0
49829,ADM COMPUTER SERVICES LIMITED,3,3,0,0
49775,Lunar Digital Solutions Limited,3,6,0,0
49758,Lloyds Banking Group PLC,3,36,0,0
49657,Transaction Network Services (UK) LTD,3,4,0,0
49607,ZEMPLER BANK LIMITED,3,2,0,0
49485,High Availability Hosting Limited,3,18,2,1
49396,Llwynygorras Cyf,3,2,0,0
49318,TELEFONICA TECH UK MANAGED SERVICES LTD,3,12,0,0
49313,Seva-Host Ltd,3,2,0,0
49216,Voxeo Europe Limited,3,2,0,0
48954,AIMES Management Services Ltd,3,22,0,0
48463,Tradition Financial Services Ltd.,3,8,0,0
48177,IGT UK INTERACTIVE LIMITED,3,9,0,0
47716,ISIX Communications LLP,3,4,1,1
47611,Warner Music International Services Limited,3,2,0,0
47563,Sports Information Services Limited,3,5,0,0
47549,Hosting Systems Ltd,3,4,0,0
47318,West Midlands Ambulance Service NHS Foundation Trust,3,4,0,0
47227,Charles Briscoe-Smith,3,4,3,2
44504,Andy Davidson,3,1,0,0
44426,Synectics Solutions Ltd,3,1,0,0
44371,Paypoint Network Limited,3,6,0,0
44307,MDSOL EUROPE LTD,3,25,0,0
44205,Indigo Integrated Solutions Limited,3,3,3,3
43444,Blockchain Network Solutions Ltd,3,33,0,0
43355,GATWICK AIRPORT LIMITED,3,4,3,3
43251,Websense SC Operations Limited,3,2,1,1
42944,Ticketmaster UK Limited,3,7,0,0
42579,Comtec Enterprises Ltd,3,12,2,3
42427,Mimecast Services Limited,3,15,3,2
42330,Unchained ISP Limited,3,3,2,3
42214,Network Services Ltd.,3,2,1,2
41839,Concentrix Europe Limited,3,2,0,0
41362,Royal London Management Services Limited,3,14,0,0
41203,DPDgroup UK Ltd,3,8,0,0
41099,Global Reach Networks Limited,3,5,0,0
39846,Onega Ltd,3,5,0,0
39588,Mimecast Services Limited,3,12,3,2
39552,WBA (IT Services) International Limited,3,4,0,0
39150,HOSTING TELECOM LTD,3,12,3,5
38966,IntraLAN Group Limited,3,4,0,0
35327,Naglotech Limited,3,4,3,1
34697,Emerson Electric UK Limited,3,1,0,0
34134,FreeClix Ltd,3,4,1,1
33921,Lebara Ltd,3,4,0,0
31595,Rocket Fibre Ltd,3,2,3,1
31493,TWENTYTWENTYMEDIA LIMITED,3,2,2,1
31402,Rank Digital Limited,3,5,0,0
31151,PERFORMANCE HORIZON GROUP LIMITED,3,9,0,0
31003,Iron Mountain Europe (Group) Limited,3,2,0,0
30909,Fastvision Limited,3,5,0,0
29676,Gradwell Communications Limited,3,18,0,0
29197,Nomura International Plc,3,23,0,0
29164,IOMART GROUP PLC,3,4,2,1
29131,IOMART CLOUD SERVICES LIMITED,3,8,0,0
29120,Mayer Brown International LLP,3,10,0,0
29016,Pearson Shared Services Ltd,3,11,0,0
28939,ARM Ltd,3,14,0,0
28914,Cloud9 Communications Ltd,3,2,0,0
28846,ITV Services Limited,3,14,0,0
28789,London Capital Group Limited,3,5,0,0
28786,Endava Managed Services Ltd,3,6,0,0
28729,Ford Motor Company Limited,3,1,3,1
2589,Wanstor Ltd,3,13,3,1
25582,Linix Ltd,3,8,3,1
25421,John Lewis Plc.,3,9,0,0
25022,TDM Group Limited,3,3,0,0
24865,Keith Mitchell,3,1,0,0
215959,NUSO CLOUD UK LIMITED,3,1,0,0
215703,ALEXANDRU VLAD trading as FREAKHOSTING,3,7,0,0
215661,ANIXNICS LIMITED,3,1,0,0
215566,FORTIKS TECHNOLOGIES LTD,3,1,0,0
215419,Karizanta LTD,3,7,2,3
215269,LAZYCLOUD LTD,3,10,3,6
2147,The Press Association Limited,3,11,0,0
21369,Atos IT Services UK Ltd,3,31,0,0
213059,Mythic Beasts Ltd,3,3,2,1
21301,Natwest Markets PLC,3,11,0,0
21296,Pricewaterhousecoopers Services Limited,3,7,0,0
212885,Natwest Markets PLC,3,2,0,0
212807,RockIT Networks Limited,3,2,2,1
21233,Atlas Business Group of Companies Ltd,3,6,1,1
212158,TransFICC Ltd.,3,2,0,0
212047,Civo LTD,3,2,3,1
21188,Unilever PLC,3,4,0,0
211476,Techloq Limited,3,1,3,1
211392,DREAM CLOUD INNOVATION LIMITED,3,18,0,0
211389,Briant Broadband Limited,3,5,3,2
211298,Constantine Cybersecurity Ltd.,3,2,2,1
211167,IT Farm Limited,3,4,0,0
211140,TRANSUNION INTERNATIONAL UK LIMITED,3,9,0,0
211091,I P House Limited,3,5,0,0
210920,Civo LTD,3,2,1,1
210767,Link Host Ltd.,3,3,2,1
21054,Natwest Markets PLC,3,14,0,0
210258,Wildanet Ltd,3,4,3,102
210206,Metro Security (GB) PLC,3,4,2,2
210054,The Network Control Group Limited,3,3,3,4
209765,ASPIRE MEDIA GROUP LIMITED,3,2,0,0
209447,RETN Limited,3,1,0,0
208949,HBING LIMITED,3,24,0,0
208804,Technological Services Limited,3,4,0,0
208781,SMART CT LIMITED,3,2,0,0
208311,Bourne Leisure Limited,3,1,0,0
208176,Hyve Ltd,3,1,3,1
208098,THREDD UK LIMITED,3,1,0,0
207569,I-SERVERS LTD,3,27,1,1
207524,London Stock Exchange PLC,3,3,0,0
207520,"ExodusPoint Capital Management UK, LLP",3,2,0,0
207163,Sky UK Limited,3,2,4,3
20705,HSBC Bank plc,3,26,3,5
20695,Capital One (Europe) Plc,3,20,0,0
206924,Ben Cartwright-Cox,3,2,26,8
206733,Beeks Financial Cloud Ltd,3,5,0,0
206690,Beeks Financial Cloud Ltd,3,4,0,0
206547,Keyloop Holdings (UK) Limited,3,4,0,0
20652,Unitron Systems & Development LTD,3,4,0,0
206352,Media Connective LLP,3,11,0,0
205373,Rightmove Group Limited,3,5,3,5
205120,Addooco IT Ltd,3,3,0,0
205114,The WEST Retail group LImited,3,5,0,0
205098,Cloud Gateway Limited,3,6,0,0
205091,EuroNet Internet Ltd,3,2,3,1
205072,Layershift Limited,3,11,2,1
204844,NCSE NETWORK LTD,3,1,6,17
204731,Persimmon Homes Ltd.,3,5,3,9
204721,SHOU KEN LTD,3,7,0,0
204440,STREAMLAND MEDIA UK LIMITED,3,5,0,0
204322,New York Times Limited,3,2,0,0
204247,Asda Stores Limited,3,1,0,0
204242,Trutec Services,3,3,0,0
204204,Point72 UK Limited,3,2,0,0
203897,ADVANIA UK LIMITED,3,8,0,0
203818,Marshall Wace Asset Management Ltd,3,5,1,1
203443,INDERT CONNECTION LP,3,9,2,1
203363,Kuroit Limited,3,10,4,2
203011,OSG CLOUD LIMITED,3,2,0,0
202978,Xiria Ltd,3,3,0,0
202907,Atomic IT Limited,3,1,3,1
202548,Quadris Ltd,3,3,0,0
202454,Pine Media Ltd,3,7,0,0
202310,Hyve Ltd,3,1,3,1
202161,M&G INVESTMENT MANAGEMENT LIMITED,3,16,0,0
202114,Blue Sky Systems Limited,3,4,2,1
202052,CTS Group Ltd,3,2,0,0
202013,Mobile Internet Limited,3,14,0,0
201478,Refinitiv Limited,3,2,0,0
201375,Numbergroup Utilities Ltd,3,1,0,0
201358,FNZ (UK) Ltd,3,3,0,0
201106,Spartan Host Ltd,3,41,0,0
201060,SNETTERTON TELECOM LIMITED,3,4,0,0
200870,Retail Technology Services Ltd,3,4,0,0
200751,Entigy Ltd,3,4,0,0
200636,Paravirt LTD,3,2,0,0
200597,DIGITALK Limited,3,1,0,0
199856,Ping Technology Labs LTD,3,3,1,1
199785,"Cloud Hosting Solutions, Limited.",3,22,2,2
199717,Panoptics Global Ltd,3,10,0,0
199710,DAZN MEDIA SERVICES LIMITED,3,6,0,0
199462,NETISP LTD,3,4,7,8
199285,"Conarx, Ltd",3,2,3,3
199058,SERVA ONE LTD,3,13,0,0
198690,Fibrecast Ltd.,3,5,0,0
198623,ISUMO Ltd,3,3,0,0
198412,Rage4 Networks Limited,3,4,2,3
198386,THRIVE OPERATIONS LIMITED,3,4,0,0
198351,SECUREWAN ANTI-DDOS LTD,3,11,1,16
198328,Trayport Limited,3,4,3,3
197860,Haruka Hosting Ltd,3,3,6,4
197715,Serverbike LTD,3,6,1,1
197355,Stratos Markets Limited,3,2,0,0
197122,TENERITY LIMITED,3,2,0,0
197107,SERVICE EXPRESS EUROPE LIMITED,3,15,0,0
197040,DataArt Technologies UK Ltd,3,2,0,0
196745,Datacenta Hosting Ltd,3,7,2,8
16349,Fon Wireless LTD,3,2,3,1
16174,Intuitiv Ltd.,3,3,1,1
16162,London Web Ltd,3,1,0,0
16050,Refinitiv Limited,3,26,0,0
15992,Visa Europe Limited,3,1,0,0
15914,British Airways plc,3,28,0,0
15622,Frontline Consultancy and Business Services Limited,3,4,1,2
15490,Shane Mc Cormack,3,3,1,1
139324,Rio Tinto IS&T,3,1,0,0
13005,Atlas Business Group of Companies Ltd,3,12,2,1
11856,XC Technology Holdings LTD,3,3,0,0
9161,Poundbury Systems Ltd.,2,1,0,0
9140,Hyperneph Ltd,2,3,0,0
9084,Goldman Sachs International,2,17,0,0
8952,NTT United Kingdom Ltd,2,4,0,0
8897,KCOM GROUP LIMITED,2,1,0,0
8791,Kerv Experience Limited,2,3,0,0
8698,NATIONWIDE BUILDING SOCIETY,2,163,0,0
8621,Backbone (UK) Limited,2,4,1,1
7,The Defence Science and Technology Laboratory,2,22,1,1
6859,DIGITAL CONTINUITY LIMITED,2,1,0,0
6759,Pelion IoT Limited,2,4,0,0
62364,Plymouth City Council,2,3,0,0
62195,Stantec UK Limited,2,1,2,1
62145,BANGO.NET Ltd,2,4,0,0
61419,The Cloud Simplified Limited,2,24,1,2
61257,Thunde Network Limited,2,1,0,0
61081,DEFAULTROUTE LIMITED,2,2,0,0
60962,Foreign and Commonwealth Office,2,2,0,0
60952,Connex Carrier Services (Worldwide) Limited,2,4,0,0
60925,BPP Services Limited,2,1,0,0
60825,CLOUD SG UK LTD,2,2,0,0
60758,Deluxe UK Holdings Limited,2,1,0,0
60382,Cranleigh School,2,2,0,0
60297,Capgemini UK plc,2,12,1,2
60282,Coventry City Council,2,1,0,0
60220,Electronic Arts Limited,2,1,0,0
60194,Anchor Computer Systems Ltd,2,23,0,0
60103,Accesspoint Technologies Ltd,2,3,0,0
60036,Voneus Ltd,2,10,0,0
59809,21 IN Ltd,2,1,0,0
59756,Enquest Britain Limited,2,1,0,0
59705,Acora Limited,2,2,1,1
59660,DataArt Technologies UK Ltd,2,1,0,0
59598,Sakura Network LTD,2,2,3,7
59493,MIMIC Ltd,2,2,1,1
59410,Barritel Ltd,2,2,2,1
59402,Virocom Limited,2,2,2,1
58226,Phusion IM Limited,2,1,2,1
58223,Sabio Ltd.,2,2,0,0
57750,Synamedia Limited,2,4,2,1
57408,Reed Smith LLP,2,1,0,0
56723,Electronic Arts Limited,2,1,0,0
56637,Fixnetix Ltd,2,3,0,0
56460,Telefonica UK Limited,2,4,0,0
53335,BlueCrest Capital Management LP,2,1,0,0
52024,KWIK-FIT (GB) Limited,2,1,0,0
51905,Compuweb Communications Services Limited,2,9,0,0
51713,WHG Hosting Services Ltd,2,5,0,0
51704,South West Grid for Learning Trust Ltd.,2,2,1,1
51572,Cerulean Solutions Limited,2,1,0,0
51498,CONNECTION NETWORKS L.P.,2,1,0,0
51406,Infonas Limited,2,1,0,0
51318,STANDARD CHARTERED BANK,2,4,0,0
51303,IQVIA SOLUTIONS HQ LTD,2,1,0,0
51100,Kier Ltd,2,5,0,0
50948,AMDOCS (UK) LIMITED,2,3,0,0
50910,Mainstream Digital Ltd,2,17,0,0
50888,Minotaur I.T. Limited,2,1,0,0
50882,Maxnett Ltd.,2,2,0,0
50826,Moelis & Company UK LLP,2,1,0,0
50807,Inspiretec LTD,2,12,0,0
50746,Britannic Technologies Ltd,2,3,0,0
50743,Commensus Limited,2,4,0,0
50632,Fish.Net Limited,2,1,0,0
50510,Cancer Research UK,2,6,0,0
50203,Reynolds and Reynolds Limited,2,3,0,0
50108,Electronic Arts Limited,2,1,0,0
49967,THAMES VALLEY HOUSING ASSOCIATION LIMITED,2,1,0,0
49898,My Mind (Holdings) Ltd,2,5,1,1
49868,ANITE TRAVEL Ltd,2,3,0,0
49728,Herefordshire Council,2,1,0,0
49694,Masternaut Limited,2,8,1,3
49487,IMBIL CONSULTANCY SERVICES LIMITED,2,3,0,0
49448,PICO GLOBAL LTD.,2,1,0,0
49182,British Telecommunications PLC,2,6,2,2
48967,Cboe Europe Limited,2,2,0,0
48795,IP6.cloud LTD,2,2,0,0
48682,IP Space Limited,2,2,0,0
48611,Cablestreet Ltd,2,2,3,2
48570,Auriga Kore Limited,2,3,0,0
48460,ServerHouse Ltd,2,1,0,0
47823,Netwise Hosting Ltd,2,2,0,0
47791,Electronic Arts Limited,2,1,0,0
47744,XTEND SOLUTIONS LTD,2,1,0,0
47693,Talk Straight Ltd.,2,3,1,1
47572,Ticketmaster UK Limited,2,4,0,0
47556,Webtitude LTD,2,1,3,4
47534,VOCALINK LTD,2,1,0,0
47492,Consider IT Limited,2,5,0,0
47296,HIFX EUROPE LIMITED,2,2,0,0
47113,Suffolk Life Pensions Limited,2,1,0,0
44934,Arachsys Internet Services Ltd,2,3,2,2
44891,24 Seven Communications Ltd,2,9,2,1
44782,Stratos Markets Limited,2,1,0,0
44745,Fidessa PLC,2,4,0,0
44697,Computer & Communication Co. Limited,2,1,0,0
44671,Skyline Networks & Consultancy Ltd,2,4,1,1
44617,HBK EUROPE MANAGEMENT LLP,2,1,0,0
44574,Network Services Ltd.,2,19,1,9
44480,Brevan Howard Asset Management LLP,2,1,0,0
44403,Bristol City Council,2,8,0,0
44308,Vapour Media Limited,2,14,0,0
44305,Six Degrees Technology Group Limited,2,4,0,0
44268,JCB Excavators Ltd,2,1,0,0
43950,"Terence Froy trading as ""Spilsby Internet Solutions""",2,2,2,4
43949,Marsh Limited,2,9,0,0
43924,IQUO LIMITED,2,4,0,0
43669,Axia Computer Systems Limited,2,2,0,0
43486,Mizuho Bank Ltd,2,2,0,0
43463,INFOCOM UK LTD,2,11,1,1
43442,ProVu Communications Ltd,2,1,2,1
43408,Orange Cyberdefense UK Limited,2,8,2,3
43236,Bluecrest Capital Management LLP,2,1,0,0
43108,GARMTECH LP,2,6,0,0
42853,HGC Global Communications (UK) Limited,2,2,0,0
42466,Meteoric Ltd,2,1,0,0
42332,EKCO LONDON LIMITED,2,2,2,2
42217,The Goodwood Estate Company Limited,2,3,2,1
42081,European Centre for Medium-Range Weather Forecasts (ECMWF),2,7,2,2
42046,Independent Television News Limited,2,1,0,0
41988,PPP Taking Care Ltd,2,1,0,0
41936,Colt International Ltd,2,1,0,0
41896,Shetland Islands Council,2,9,0,0
41596,Willis Group Services Ltd,2,1,0,0
41570,BFBS,2,4,0,0
41493,Cboe Europe Limited,2,1,0,0
41489,Watchfront Limited,2,5,2,1
41415,Square Enix Limited,2,3,0,0
41021,Ebuyer UK Limited,2,2,0,0
40992,Marex Financial Ltd,2,2,0,0
39921,Rackspace Ltd.,2,16,1,2
39767,Sargasso N1 Limited,2,5,2,1
39730,Eircom (UK) Ltd,2,2,1,1
39617,Chris Burton,2,1,1,1
39477,Vectone Mobile Limited,2,6,2,2
39461,EDF Energy Nuclear Generation Group Ltd,2,1,0,0
39458,Real Hosts Limited,2,4,4,2
39382,Optinium Ltd,2,2,0,0
39103,Moat Homes Limited,2,3,0,0
39060,Sainsbury's Supermarkets Ltd,2,3,0,0
38936,Herman Miller LTD,2,1,0,0
36454,WHG Hosting Services Ltd,2,37,0,0
35832,Birmingham City Council,2,6,0,0
35831,Vnetrix Ltd,2,6,0,0
35830,BTT Group Finance Ltd,2,48,0,0
35707,Scottish Power UK PLC,2,5,0,0
35425,IOMART MANAGED SERVICES LIMITED,2,27,3,7
34934,ANS ACADEMY LIMITED,2,5,0,0
34922,CSC Administrative Services Limited,2,5,0,0
34914,Syntec LTD,2,5,0,0
34816,Anschutz Sports Holdings Limited,2,4,2,2
34737,Qinetiq Limited,2,4,0,0
34654,Merula Limited,2,1,0,0
34587,Hillside (Technology) Ltd,2,15,0,0
34523,Webroot Services Ltd,2,4,0,0
34407,Wavecrest Networks Limited,2,2,1,1
34282,UKDedicated LTD,2,6,2,2
34178,Qinetiq Limited,2,4,0,0
34099,Road Tech Computer Systems Ltd.,2,2,0,0
33854,Nuco Technologies Ltd,2,1,0,0
33820,RELX GROUP PLC,2,2,0,0
3206,AF Blakemore & Son Ltd,2,1,0,0
31743,Interpublic GIS (UK) Ltd,2,2,3,1
31712,GIGASTREAM LIMITED,2,4,0,0
31659,Below Zero Hosting Ltd.,2,2,0,0
31632,OAG Aviation WorldWide Limited,2,1,0,0
31474,Viacom International Media Networks U.K. Limited,2,12,0,0
31223,Electronic Arts Limited,2,2,0,0
30938,ahbr company limited,2,7,0,0
29626,Staffordshire County Council,2,2,0,0
29400,TP ICAP GROUP SERVICES LIMITED,2,13,0,0
29214,THE HOUSE OF COMMONS,2,5,0,0
29129,Vispa Limited,2,2,0,0
29019,Morningstar Europe Limited,2,1,0,0
28920,Call27 Telecommunications Ltd,2,7,0,0
28780,Flooid limited,2,2,0,0
25585,Kencomp Internet Ltd,2,2,0,0
25462,RETN Limited,2,2,0,0
25335,NEXT GLOBAL SERVICES L.P.,2,11,0,0
25135,Vodafone Limited,2,25,0,0
25061,Associated Networks (UK) Limited,2,3,1,1
25050,VOCALINK LTD,2,1,0,0
24949,AXA Technology Services UK Limited,2,9,0,0
24778,Datapipe Europe Ltd,2,16,0,0
24775,Qinetiq Limited,2,2,0,0
216361,Next Internet Network Ltd,2,4,0,0
216207,Newcastle City Council,2,3,0,0
216157,SIXNET OPERATION LTD,2,4,5,26
216127,INTERNATIONAL HOSTING COMPANY LIMITED,2,30,2,4
215981,X-Fibre Ltd,2,1,0,0
215826,Partner Hosting LTD,2,13,1,3
215662,KENSINGTON MORTGAGE COMPANY LIMITED,2,3,0,0
215638,Cilix Limited,2,5,0,0
215636,NUSO CLOUD UK LIMITED,2,1,0,0
215635,NUSO CLOUD UK LIMITED,2,1,0,0
215590,DpkgSoft International Limited,2,40,2,4
215450,Snowcore Cyf,2,2,1,1
215292,Gravhosting Ltd,2,2,2,2
214894,Cloud225 LTD,2,1,0,0
21470,South West Communications Group Ltd,2,2,0,0
21464,EDF Trading Ltd,2,1,0,0
214634,Bressenden Associates Ltd,2,2,2,1
21459,Advanced 365 LTD,2,6,0,0
214438,NexGen Cloud Ltd,2,7,0,0
214402,SIGNALX CLOUD COMMUNICATIONS LTD,2,2,1,1
214315,Cushman & Wakefield Debenham Tie Leung Limited,2,1,0,0
214307,Ivx Group Limited,2,2,0,0
214271,,2,1,0,0
213349,OctoSEC LTD,2,3,1,1
213287,Pure IP Limited,2,1,0,0
213272,Beeks Financial Cloud Ltd,2,1,0,0
213202,Cloudnet Computing Ltd,2,2,0,0
213190,Staclar Carrier Ltd.,2,2,1,2
213119,ALZ Software Ltd,2,1,0,0
213016,Holker Network Solutions Ltd,2,1,0,0
213000,Alliance Medical Limited,2,1,0,0
2129,EntServ UK Limited,2,2,0,0
212880,Rydal Communications Ltd,2,1,1,1
212729,Everlight Radiology Limited,2,1,0,0
212551,2c Services Limited,2,2,0,0
212486,KIGEN (UK) LIMITED,2,1,0,0
212465,Comcast International Holdings UK Limited,2,8,3,8
212459,Celer Technologies Limited,2,1,0,0
212413,Department for Work and Pensions,2,3,0,0
212406,TransFICC Ltd.,2,1,0,0
212404,Integral UK Limited,2,1,0,0
212399,Gigaair Ltd,2,1,2,1
212286,LonConnect Ltd,2,14,1,1
212240,RIK Networks Ltd,2,2,0,0
212152,Beazley Management Limited,2,2,0,0
212133,Spring Fibre Limited,2,1,2,1
212035,Babcock Corporate Services Ltd,2,2,0,0
212031,BIT Solutions Ltd,2,1,0,0
211829,ZAHA HADID LIMITED,2,1,0,0
211678,Michaelston y Fedw Internet CIC,2,2,1,1
211675,Layershift Limited,2,1,2,1
211612,Datacamp Limited,2,3,6,11
211552,Civo LTD,2,2,2,1
211460,Cowen Execution Services Limited,2,1,0,0
211303,Electronic Arts Limited,2,1,0,0
21130,IOMART CLOUD SERVICES LIMITED,2,5,2,1
211189,Thermo Electron Ltd,2,1,0,0
21077,Specialist Computer Centres Plc,2,9,0,0
210727,Buy Limited,2,1,0,0
210597,Riptec Ltd,2,1,1,1
210584,PricewaterhouseCoopers IT Services Limited,2,1,0,0
210253,Creative Network Consulting Limited,2,3,0,0
210087,Ontix Sites No1 Limited,2,1,0,0
210025,ALICE CAT RESEARCH LTD,2,2,4,10
209997,Stanley Security Solutions Ltd,2,1,0,0
209761,North of England Commissioning Support Unit,2,3,0,0
20976,Domainmaster LTD,2,1,0,0
209738,CURVE INFORMATION TECHNOLOGY LIMITED,2,3,0,0
209735,Lagrange Cloud Technologies Limited,2,1,48,3
209723,EXPERT NETCLOUD LLP,2,7,1,1
209611,HFLBroadband Ltd,2,2,0,0
209540,Expedia.com Ltd.,2,1,0,0
209452,Zuri Technologies Limited,2,3,0,0
209363,Engine Room Technology Ltd,2,2,0,0
209324,Genius Sports UK Limited,2,1,0,0
209243,QuickHostUK Limited,2,11,2,3
209237,NPL Management LTD,2,4,0,0
209198,Offshore Renewable Energy Catapult,2,1,2,1
209113,Precedence Technologies Ltd,2,3,0,0
209082,Swlines Ltd,2,3,1,1
209080,ED & F MAN HOLDINGS LIMITED,2,1,0,0
209015,Ten Time Limited,2,3,0,0
208895,Intelligence Hosting Services Limited,2,1,0,0
208833,MyComms Ltd,2,1,0,0
208784,TELROCK SYSTEMS LIMITED,2,3,0,0
208756,ALCON TELECOM LTD,2,2,0,0
208697,Kellogg Management Services (Europe) Limited,2,5,0,0
208687,AllPoints Fibre Networks Limited,2,15,2,2
208522,Optimus Networks LTD,2,3,0,0
208507,Mitsubishi HC Capital UK PLC,2,4,0,0
208118,N.I Technology Ltd.,2,3,0,0
207916,Velocity1 Limited,2,5,0,0
207846,Lauren Renee Kelly,2,1,3,5
207827,CSL (DualCom) Limited,2,2,0,0
207765,Transit Networks Limited,2,5,0,0
207645,F & W Networks Ltd,2,21,2,1
207602,Electronic Arts Limited,2,1,0,0
207601,Electronic Arts Limited,2,1,0,0
207552,Cambridge Consultants Limited,2,1,0,0
207096,Link Web Solutions LLP,2,4,2,1
207039,Satellite Applications Catapult Limited,2,3,0,0
206984,Lypy Limited,2,1,2,1
206800,Electronic Arts Limited,2,1,0,0
206798,"HUAWEI TECHNOLOGIES(UK)CO.,LTD",2,2,0,0
206689,Beeks Financial Cloud Ltd,2,3,0,0
206671,Michael Jones,2,1,3,3
206576,Wavenet Limited,2,12,0,0
206457,Electronic Arts Limited,2,1,0,0
206397,Geniusx Ltd,2,3,0,0
206245,Subset Solutions UK Limited,2,3,0,0
206237,Barclays Bank PLC,2,5,0,0
206232,Acuity Unified Communications Limited,2,4,2,3
206146,PAYSEND TECHNOLOGY LIMITED,2,1,0,0
206143,Networked Creativity LLP,2,2,0,0
206071,Electronic Arts Limited,2,1,0,0
205918,VERTIV COMPANY GROUP LIMITED,2,1,0,0
205826,CONTENTHOST LIMITED,2,5,0,0
20577,TRADEWEB EUROPE LIMITED,2,4,0,0
205767,Spectron Services Limited,2,1,0,0
205765,Saunderson House Limited,2,2,0,0
205739,Allness IT Ltd,2,3,1,1
205693,Driver & Vehicle Licensing Agency,2,3,0,0
205676,Data Center Experts LTD,2,3,0,0
205545,JIWA Holdings Ltd,2,1,0,0
205492,Schroder Investment Management Limited,2,1,0,0
205468,GAM (U.K.) Limited,2,4,0,0
205434,Elasticity Limited,2,10,0,0
205359,Precisely Software Ltd,2,2,0,0
205337,Hardy Fisher Services Limited,2,5,0,0
205294,Thermo Electron Ltd,2,1,0,0
205283,Greenlight Innovation Ltd,2,4,0,0
205281,Otava Tech LTD,2,1,0,0
205237,SAVILLS PLC,2,1,0,0
205177,IVANTI UK LIMITED,2,1,0,0
205106,Pea Soup Hosting Limited,2,4,0,0
205052,Vision Data Solutions LLP,2,4,2,1
205011,Celer Technologies Limited,2,1,0,0
205006,Holland & Barrett International Limited,2,4,0,0
204945,Celebrus Technologies PLC,2,2,0,0
204819,WPM Software Ltd,2,3,2,1
204777,telent Technology Services Ltd,2,2,0,0
204670,NTT United Kingdom Ltd,2,9,0,0
204415,NexGen Cloud Ltd,2,4,1,1
204414,The OxFORD Asset Management Company Limited,2,1,0,0
204236,MDS Global Limited,2,4,1,2
204139,NEXT GLOBAL SERVICES L.P.,2,20,0,0
204103,Comms West Limited,2,6,0,0
204050,Yoti Ltd,2,3,2,2
203842,Acora Limited,2,2,0,0
203758,EUGAMEHOST LTD,2,9,0,0
203573,Tailor Made Technologies Ltd,2,1,0,0
203334,Voxeo Europe Limited,2,1,0,0
203258,UCNS Limited,2,2,0,0
203171,Chi Technology Ltd,2,4,0,0
203121,Core Communication Services Limited,2,1,0,0
203107,"GEMINI PAYMENTS UK, LTD",2,2,0,0
203082,FORWARD 3D LIMITED,2,1,2,1
203067,GIACOM (CLOUD) LIMITED,2,9,0,0
203036,THREDD UK LIMITED,2,2,0,0
203035,Xara Computers (UK) Ltd,2,3,0,0
202679,Deltatre Limited,2,1,0,0
202630,Sequential Networks Limited,2,2,0,0
202574,VLE LIMITED,2,2,0,0
202517,ZOPA BANK LIMITED,2,1,0,0
202443,WINE AND FOOD PARTNERS LTD,2,1,0,0
202416,DataLords Ltd,2,2,1,2
202408,MANSORA NETWORK LIMITED,2,1,1,1
202306,HOSTGLOBAL.PLUS LTD,2,1,1,1
202275,Gaming Technology Solutions Ltd.,2,1,0,0
202241,Business Design Centre Ltd,2,1,0,0
202206,FAT MEDIA LTD,2,7,0,0
202176,FINALTO TRADING LIMITED,2,2,0,0
202166,NetDocuments Limited,2,4,0,0
201864,TRENCH NETWORKS LIMITED,2,2,0,0
201862,VMhosts Ltd,2,7,0,0
201831,ActivTrades Plc.,2,1,0,0
201815,GANFAN CLOUD LTD,2,3,2,1
201739,Metranet Communications Ltd.,2,11,0,0
201664,NetWarm LTD,2,3,0,0
201579,HOSTGNOME LTD,2,6,2,2
201536,Sandyx Systems Limited,2,9,2,9
201351,IKUUU NETWORK LTD,2,1,0,0
201226,Leasing Options Limited,2,2,0,0
201101,NATS (En Route) Ltd,2,5,0,0
200682,Trustees of the London Clinic Limited,2,2,0,0
200614,Veritas Technologies (UK) Limited,2,1,0,0
200564,Alfa Financial Software Limited,2,1,2,2
200514,KnownSRV Ltd.,2,16,0,0
200508,SOROK76 LTD,2,2,2,2
200498,Perella Weinberg Partners UK LLP,2,1,0,0
200473,Samsung SDS Europe Ltd,2,1,0,0
200365,Possibly Lizards Limited,2,2,25,2
200174,Wispeed LTD,2,4,0,0
200124,FLEXTRADE UK LIMITED,2,4,0,0
200113,Global Servers LTD,2,2,1,1
200083,Sub 6 Limited,2,2,2,1
200008,Pirum Systems Limited,2,2,1,1
199954,Techwareca Ltd.,2,1,3,1
199946,Ctalk Limited,2,4,0,0
199828,NUSO CLOUD UK LIMITED,2,1,0,0
199764,Electronic Arts Limited,2,1,0,0
199654,Oxide Group Limited,2,5,3,5
199629,4MS Network Solutions Ltd.,2,3,1,3
199614,Fiberocity Ltd,2,40,2,3
199456,VALID TECHNOLOGY L.P.,2,4,1,2
199448,Babble Cloud Holdings Ltd.,2,4,0,0
199404,WHG Hosting Services Ltd,2,7,0,0
199204,Webmate Internet Services Ltd.,2,1,0,0
199196,IMIMOBILE INTELLIGENT NETWORKS LIMITED,2,8,0,0
199165,Shibboleet Ltd,2,1,1,1
198850,Hogarth Worldwide Limited,2,1,0,0
198823,Network Integration Technologies LTD,2,5,0,0
198789,Speedy IP Services LTD,2,1,0,0
198636,CAPSULA LTD,2,14,1,1
198567,ED & F MAN CAPITAL MARKETS LIMITED,2,1,0,0
198337,DataArt Technologies UK Ltd,2,1,1,1
198306,AIG Europe (Services) Limited,2,3,0,0
198142,Warrington Borough Council,2,2,0,0
198104,StayConnected.Systems Ltd,2,1,2,1
198037,SPACECORE SOLUTION LTD,2,15,0,0
197872,Electronic Arts Limited,2,5,0,0
197651,THE HUT.COM LIMITED,2,5,0,0
197409,Co-operative Group Limited,2,3,0,0
197342,PERSISTENT SYSTEMS UK LIMITED,2,2,0,0
197320,National Pharmacy Association Ltd,2,1,0,0
197282,Wood Group UK Limited,2,4,0,0
197104,Gentoo Group Limited,2,1,0,0
197085,Sykes Global Services Ltd,2,1,0,0
197039,Nomura International Plc,2,22,0,0
196962,NSI (Holdings) Limited,2,5,1,1
196839,Amplefuture Group Limited,2,1,0,0
196809,FremantleMedia Limited,2,3,0,0
196744,Capita Business Services Ltd,2,4,0,0
16376,SysGroup plc,2,6,0,0
16334,Sureline Communications Limited,2,2,0,0
16303,IPSwitch Networks Ltd,2,1,0,0
16096,The Sporting Exchange (Clients) Ltd,2,20,0,0
15865,Elliott Advisors UK (Ltd),2,2,0,0
15770,Durham County Council,2,1,0,0
15689,Advanced IT Services Nottingham Ltd,2,1,2,1
15641,Arqiva Communications Ltd,2,16,0,0
15601,Baring Investment Services Ltd,2,1,0,0
15572,Verizon UK Limited,2,15,1,1
15418,Fasthosts Internet Limited,2,1,3,1
150325,TSUKUDANI NETWORK,2,1,12,4
136011,OGVHOST LIMITED,2,1,1,1
134536,ATT NBE Equinix London,2,5,0,0
133479,Keyloop (UK) Limited,2,2,0,0
13205,British Telecommunications PLC,2,20,0,0
12884,DRW Investments (UK) Limited,2,4,0,0
9105,TalkTalk Communications Limited,1,37,0,0
9014,Centre for Environment Fisheries and Aquaculture Science (CEFAS),1,1,0,0
8950,Logicalis UK Limited,1,6,0,0
8942,Costar UK Limited,1,2,0,0
8835,BINK BROADBAND LTD,1,2,1,1
8789,TELEFONICA TECH NORTHERN IRELAND LIMITED,1,1,0,0
8669,Total Web Solutions Ltd,1,4,0,0
8622,TEAM BLUE INTERNET SERVICES UK LIMITED,1,7,0,0
8619,Close Brothers Limited,1,2,0,0
8613,Daisy Corporate Services Trading Ltd,1,3,1,1
8586,TalkTalk Communications Limited,1,16,1,1
8577,XYGNITION RESEARCH LIMITED,1,1,0,0
8419,Redcentric Solutions Ltd,1,5,1,1
8356,PRT Systems Limited,1,2,1,1
8296,HBVB Private Unlimited,1,3,0,0
8276,Vone Services Ltd,1,1,0,0
8272,Claranet Limited,1,1,0,0
6911,Associated Networks (UK) Limited,1,2,0,0
6871,British Telecommunications PLC,1,69,1,3
6838,Christopher Luke,1,9,1,15
6779,Fujitsu Services Ltd.,1,2,0,0
64456,Vitality Corporate Services Limited,1,1,0,0
64435,The Communication GATEWAY LTD,1,3,2,2
64080,SYN LTD,1,20,1,6
62408,Provista UK Ltd,1,2,0,0
62374,Andy Mace,1,1,0,0
62273,SRVNET LTD,1,1,0,0
62112,XConnect Services Limited,1,1,0,0
61978,York UK Hosting Ltd,1,1,2,1
61977,Path Global UK Limited,1,1,0,0
61427,Sargasso N1 Limited,1,2,0,0
61368,DAFEIYUN LTD,1,2,0,0
61283,Andrew Millar Ltd,1,1,1,1
61281,Chess Limited,1,1,0,0
61001,RESPONSETAP LIMITED,1,1,0,0
60977,NVIDIA Ltd,1,1,0,0
60949,4x Solutions UK LTD,1,23,0,0
60933,QUALCOMM (UK) LIMITED,1,1,0,0
60914,Telecoms Consortium Ltd.,1,1,0,0
60894,Flownet Solutions Ltd,1,1,1,1
60851,Egton Medical Information Systems Limited,1,2,0,0
60788,Gamma Network Solution Limited,1,8,0,0
60760,Experian Ltd,1,1,0,0
60759,Netsapiens International Limited,1,5,0,0
60714,TELNA (UK) LTD,1,1,0,0
60698,Linx-Networks-UK Ltd,1,1,0,0
60688,CSP Partnership,1,2,0,0
60677,DL Insurance Services Limited,1,2,0,0
60654,Metdesk Ltd,1,1,0,0
60593,Network Rail Infrastructure Limited,1,3,0,0
60492,Mimecast Services Limited,1,5,0,0
60257,TalkTalk Communications Limited,1,2,0,0
60237,West Bromwich Building Society,1,1,0,0
60228,Six Degrees Technology Group Limited,1,2,1,2
60060,AECOM Limited,1,2,0,0
60012,vXtream Ltd,1,1,0,0
59920,Lusory Limited,1,1,3,8
59907,IQVIA SOLUTIONS HQ LTD,1,3,0,0
59904,LANCASHIRE INSURANCE SERVICES LTD,1,1,0,0
59902,IQVIA SOLUTIONS HQ LTD,1,1,0,0
59897,Ekco Bournemouth Limited,1,1,2,1
59893,Free Range Cloud Ltd.,1,1,1,4
59888,MARMIN Ltd,1,4,1,1
59876,Thomas James Elliott,1,2,1,1
59836,CBRE Limited,1,6,0,0
59817,Oxletech Limited,1,1,1,1
59806,Paradigm Support Ltd,1,1,0,0
59783,ONESAVINGS BANK PLC,1,1,0,0
59724,Elsevier Limited,1,2,0,0
59680,Convergent Network Solutions Ltd,1,1,0,0
59638,Robert Mitchelmore,1,1,0,0
59621,Flo Networks Limited,1,1,0,0
59619,Blackpool Borough Council,1,2,0,0
59617,Andy Davidson,1,1,1,1
59608,Sona Business Pvt. Ltd.,1,1,0,0
59529,CME Operations Limited,1,1,0,0
59426,INTEXON LTD,1,6,0,0
58305,SYN LTD,1,13,0,0
58117,TouchTec Technology Limited,1,1,0,0
58102,2Dmedia Ltd.,1,1,2,1
58101,Gladserv Limited,1,2,1,2
58064,24Shells Limited,1,1,0,0
58052,Tomas William Smith trading as TomasSystems,1,1,3,2
58051,Alpha Internet Limited,1,1,0,0
58040,Host Lincoln Limited,1,5,0,0
57994,NetEarth UK Ltd,1,14,0,0
57850,Northumbrian Water Ltd,1,1,0,0
57770,Echo Internet Limited,1,1,0,0
57740,Hermes Datacommunications International Limited,1,2,0,0
57672,Daniel James Austin,1,1,1,1
57650,Nomios UK&I Limited,1,1,0,0
57477,Monsternet Highland Ltd,1,1,0,0
57377,LONDON BOROUGH OF MERTON,1,1,0,0
57161,Netcalibre Ltd,1,1,0,0
57156,Pluxcon Ltd,1,1,2,2
57148,Bytehouse Ltd,1,5,0,0
56929,WANDSWORTH-BOROUGH-COUNCIL,1,1,0,0
56739,PRT Systems Limited,1,1,0,0
56696,Liquid Telecommunications Ltd,1,15,0,0
56670,West Sussex County Council,1,2,0,0
56467,,1,1,0,0
56438,Loop Scorpio Ltd,1,1,0,0
56365,CME Operations Limited,1,1,0,0
56335,Nocsult Ltd,1,2,0,0
5586,Verizon UK Limited,1,2,0,0
5552,Redcentric Solutions Ltd,1,3,1,1
5464,ZURICH DATACENTER LTD,1,1,0,0
52200,M5 Limited,1,3,0,0
52148,Enix Ltd,1,10,1,1
52063,TTP Cloud Group Ltd,1,2,1,1
51983,Sargasso N1 Limited,1,1,0,0
51953,Sagentia Ltd,1,1,0,0
51946,University of Newcastle upon Tyne,1,1,0,0
51926,PageOne Communications Ltd,1,1,0,0
51766,Merseyside Fire and Rescue Service,1,1,0,0
51762,Adversor LLP,1,2,0,0
51707,Medway Towns Council,1,3,0,0
51692,Steven Smith trading as HyberHost,1,1,1,5
51491,SysGroup plc,1,2,0,0
51222,CMC MARKETS PLC,1,2,0,0
51159,Think BV Limited,1,4,0,0
51082,A1 NETWORK EXCHANGE LIMITED,1,1,2,5
51005,4D Interactive Ltd,1,1,0,0
50972,Jamie Oliver Ltd.,1,1,0,0
50957,MEMSET Ltd,1,11,1,1
50930,Redinet Limited,1,2,0,0
50914,NATIONAL GRID TELECOMS LIMITED,1,1,0,0
50799,LNRS Data Services Limited,1,3,0,0
50738,,1,1,0,0
50697,Reliance Cyber Limited,1,2,0,0
50656,Optix Software Ltd,1,2,0,0
50580,Mario Networks Limited,1,2,2,258
50445,Wirefast Limited,1,2,0,0
50419,Eye Pea Ltd.,1,2,1,1
50391,DIVERGENT NETWORKS LTD,1,1,1,5
50329,PBX Hosting Ltd,1,1,0,0
50063,Sainsbury's Supermarkets Ltd,1,1,0,0
50058,August Internet Limited,1,1,1,2
50056,Ai Networks Limited,1,1,0,0
49978,Ixaris Technologies Limited,1,1,0,0
49958,Evolution Gaming LTD,1,2,0,0
49937,Interactive Sports Limited,1,5,0,0
49911,CDN Squared Limited,1,3,0,0
49901,KUIPER NETWORK LTD,1,8,0,0
49807,Landmark Space Limited,1,1,0,0
49793,LMP Technical Services Ltd,1,1,1,1
49781,Broadband for Rural Kent Ltd,1,1,0,0
49606,MCD Europe Limited,1,1,0,0
49592,Pipe Networks LTD,1,1,1,1
49546,Voicetec sys Limited,1,7,0,0
49503,CloudCoCo Connect Limited,1,7,1,2
49372,w1n ltd,1,2,0,0
49324,Nottingham City Council,1,3,0,0
49247,East Sussex Fire Authority,1,1,0,0
49229,ANS Group Limited,1,12,1,2
49209,China Telecom Europe Ltd.,1,1,0,0
49049,Bath North East Somerset Council,1,1,0,0
48901,DSNET Ltd,1,4,1,2
48761,Maxinames Ltd,1,1,0,0
48706,KERRIDGE COMMERCIAL SYSTEMS (KSH) LIMITED,1,1,0,0
48704,Freshwave Services Limited,1,4,1,2
48686,oRe Networks Limited,1,1,1,1
48632,BTS HOLDINGS PLC,1,1,0,0
48628,CoreISP Group Limited,1,4,1,1
48553,Marketaxess Europe Ltd,1,3,0,0
48550,SnapServ Ltd,1,1,1,2
48529,QUANTUMBEAM COMMUNICATIONS LIMITED,1,1,0,0
48412,Podsystem Limited,1,3,0,0
48397,Unipart Group Limited,1,2,0,0
48375,Tibra Trading Europe Limited,1,1,0,0
48090,PPTECHNOLOGY LIMITED,1,2,0,0
48003,Wm Morrison Supermarkets Plc,1,1,0,0
47988,Charles Allom,1,1,1,1
47871,Newsquest Media Group Ltd,1,1,0,0
47797,Essex County Council,1,2,0,0
47757,ARK NETWORKS LTD,1,1,0,0
47718,IQVIA SOLUTIONS HQ LTD,1,1,0,0
47625,Paul David Hughes trading as Hosting Systems,1,6,0,0
47582,ANSON NETWORK LIMITED,1,3,0,0
47581,NSFOCUS Technologies UK Limited,1,1,0,0
47578,PRT Systems Limited,1,1,0,0
47571,Digital Craftsmen Ltd.,1,2,0,0
47535,JAVELIN BROADBAND LIMITED,1,2,0,0
47426,Advitel Ltd,1,1,2,1
47386,TRIJIT LIMITED,1,1,0,0
47367,Torbay Economic Development Company Limited,1,1,0,0
47255,MCD Europe Limited,1,1,0,0
44981,Oosha Ltd,1,2,0,0
44971,University of Kent,1,1,1,2
44824,COMMI HOLDINGS LIMITED,1,1,0,0
44810,Vortixia Holdings Limited,1,1,0,0
44794,PEERIX LTD,1,1,1,1
44791,AVMI KINLY LTD,1,5,0,0
44548,CMC MARKETS PLC,1,3,0,0
44442,The Borough of Telford and Wrekin Council,1,1,0,0
44369,emPSN Services Limited,1,5,0,0
44292,NUANCE COMMUNICATIONS LIMITED,1,5,0,0
44218,China Telecom Europe Ltd.,1,1,0,0
44052,National World Systems Limited,1,2,0,0
43838,City of Bradford Metropolitan District,1,2,0,0
43584,Maytech Communications Ltd,1,4,0,0
43428,Yahoo-UK Limited,1,3,1,1
43392,RBC Global Asset Management (UK) Limited,1,1,0,0
43259,Leidos Innovations UK LTD,1,2,0,0
43178,Technolabs Networks Ltd.,1,2,0,0
43131,Kay Net (UK) Ltd,1,1,1,1
43082,IOMART GROUP PLC,1,1,0,0
43079,MATCHTECH GROUP (UK) LIMITED,1,1,0,0
43059,IT Support Services Team Limited,1,1,1,1
42880,EntServ UK Limited,1,1,0,0
42875,National Car Parks Limited,1,1,0,0
42775,ADWORLDS TECHNOLOGIES LP,1,3,1,1
42635,CARDOCK HOSTING LIMITED,1,2,0,0
42536,Deloitte LLP,1,1,0,0
42479,KLDiscovery Limited,1,1,0,0
42465,Forcepoint Cloud Ltd,1,1,0,0
42359,The Football Association Ltd.,1,1,0,0
42053,Starling Bank Limited,1,2,0,0
41751,OCADO RETAIL LIMITED,1,1,0,0
41612,Red Bee Media Limited,1,1,0,0
41553,Reed Specialist Recruitment Limited,1,1,0,0
41548,Medway Council,1,1,0,0
41380,Ald Automotive Ltd,1,1,0,0
41373,NATIONAL HEALTH SERVICE,1,1,0,0
41367,Wood Group UK Limited,1,3,0,0
41355,catalyst2 Services Limited,1,2,1,1
41012,The Cloud Networks Limited,1,9,0,0
39717,Polestar Ltd,1,1,0,0
39630,Asptech IT Solutions Ltd,1,8,0,0
39627,Sky UK Limited,1,1,0,0
39621,Stream UK Media Services Limited,1,4,0,0
39620,NG BAILEY IT SERVICES LIMITED,1,1,0,0
39610,LCH Group Holdings Limited,1,3,0,0
39592,Benjamin Ashton,1,1,0,0
39584,Legal & General Investment Management Holdings Ltd,1,5,0,0
39550,KPMG LLP,1,4,0,0
39530,James Parker,1,1,0,0
39520,Satcom Direct International Ltd.,1,1,0,0
39459,Office Unlocked Limited,1,1,0,0
39451,IOMART MANAGED SERVICES LIMITED,1,4,0,0
39414,ByteFetch Ltd,1,1,0,0
39400,London Borough of Hackney,1,2,0,0
39295,Southern Communications Ltd,1,3,0,0
39173,SS&C FINANCIAL SERVICES INTERNATIONAL LIMITED,1,2,0,0
38998,Projects Abroad (UK) Ltd,1,1,0,0
35788,Forcepoint Cloud Ltd,1,1,1,1
35736,EE Limited,1,12,0,0
35624,Silverstar Invest Limited,1,7,0,0
35559,Someaddress Networks Ltd,1,1,1,1
35452,Tenerity Limited,1,1,0,0
35299,C2k,1,1,0,0
35259,APM Internet Ltd,1,1,0,0
35241,Vostel Limited,1,1,0,0
35200,iTalk Affliate Telecommunications Ltd,1,1,0,0
35106,Microsoft Limited,1,1,1,1
35045,Dynamic Mobile Billing Limited,1,1,0,0
34930,LHR AIRPORTS LIMITED,1,1,0,0
34920,Simply Transit Ltd,1,13,1,1
34900,CME Operations Limited,1,1,0,0
34890,ASOS.COM Limited,1,1,0,0
34846,NEWS CORP UK & IRELAND LIMITED,1,1,0,0
34827,Ebor Limited,1,1,0,0
34745,TeleWare Hosted Services Ltd.,1,2,0,0
34693,CME Operations Limited,1,1,0,0
34675,Prima Internet Holdings Limited,1,1,0,0
34649,HOST365 LIMITED,1,1,0,0
34640,NEX Services Limited,1,1,0,0
34625,OSHS Ltd,1,3,0,0
34623,Astutium Limited,1,1,1,1
34611,Matthew Southgate,1,1,0,0
34344,Port Of Tilbury London Ltd,1,3,0,0
34010,Yahoo-UK Limited,1,46,1,7
33981,Total System Services Processing Europe Limited,1,2,0,0
33975,NetConsult Ltd,1,1,0,0
33970,M247 Ltd,1,2,0,0
33968,EASYSPACE LIMITED,1,1,0,0
33953,Experian International Unlimited,1,3,0,0
33879,Forth Ports Public Limited Company,1,1,0,0
3232,ModernColo LP,1,5,0,0
3220,Internet Technology Advisors Scandinavia Ab,1,1,0,0
31459,BBC,1,4,1,1
31273,Bistech Managed Services Ltd,1,9,2,1
31256,Warwickshire County Council,1,2,0,0
31220,Six Degrees Technology Group Limited,1,13,0,0
31202,QUALCOMM (UK) LIMITED,1,2,0,0
31198,SPACE NORWAY (UK) LIMITED,1,7,0,0
30933,KDA WEB SERVICES LTD,1,7,0,0
30914,Redcentric Solutions Ltd,1,7,0,0
30847,Lancaster University Network Services Limited,1,1,1,1
30803,Trident Net Limited,1,3,0,0
30769,The Berkeley Group plc,1,1,0,0
30756,Travelport International Limited,1,2,0,0
30746,Nat Morris,1,1,0,0
29474,Ghoti Limited,1,4,0,0
29302,Hosting Services Inc,1,1,0,0
29297,Southern Communications Ltd,1,5,0,0
29219,SEMTEC LIMITED,1,7,0,0
29200,Eseye Ltd,1,1,1,1
29180,Telefonica UK Limited,1,22,0,0
28934,Mizuho International Plc,1,1,0,0
28863,Thales UK Limited,1,5,0,0
28715,Brass Horn Communications,1,2,1,9
25588,Six Degrees Technology Group Limited,1,4,0,0
25562,Sony Interactive Entertainment Europe Limited,1,26,0,0
25546,Brookland Computer Services Limited,1,2,0,0
25470,Neos Networks Limited,1,4,0,0
25343,Coventry University Computing Services,1,1,0,0
25310,Vodafone Limited,1,4,0,0
25127,British Telecommunications PLC,1,10,0,0
25048,DSNET Ltd,1,2,1,1
25030,National Farmers Union Mutual Insurance Society Ltd,1,3,0,0
25006,SANTANDER FINANCIAL SERVICES PLC,1,2,0,0
24894,Tag Europe Ltd,1,1,0,0
24867,Adapt Services Limited,1,16,0,0
24742,APAK Group Limited,1,1,0,0
24705,Electronic Communities Ltd,1,2,0,0
24669,Clouvider Limited,1,4,0,0
24650,Charles Stanley & Co Ltd,1,1,0,0
216376,Pinkfroot Ltd,1,1,0,0
216354,MisakaF Network Ltd,1,1,0,0
216338,INTELEGRO LIMITED,1,1,0,0
216307,Hyperhost Solutions Limited,1,1,1,1
216274,Gigaloch Limited,1,2,1,1
216240,MortalSoft Ltd.,1,1,0,0
216186,Pen Test Partners LLP,1,1,1,1
216180,WHG Hosting Services Ltd,1,2,0,0
216156,Epikwire Broadband Limited,1,9,1,2
216149,Domain Recovery Limited,1,1,0,0
216138,SKYQUANTUM TELECOM LTD.,1,1,0,0
216036,Total Communications and Security Ltd,1,1,0,0
216014,BestDC Limited,1,6,0,0
215845,TechoServers LTD,1,2,0,0
215833,Ablative Consulting Ltd,1,1,1,1
215821,London Digital Systems LTD,1,1,0,0
215817,Sandhill Solution (UK) Limited,1,6,0,0
215809,Cyphersoftware Solutions Ltd,1,1,0,0
215766,Emanuel Hosting Ltd.,1,1,0,0
215730,H2NEXUS LTD,1,3,2,1
215720,Sampuran Banerjee,1,1,0,0
215560,Hosting Selling Limited,1,1,0,0
215523,Yayzi Broadband Limited,1,3,1,1
215476,Inside Network LTD,1,1,0,0
215470,LAZCO STUDIO LTD,1,1,1,2
215468,Pappaya Cloud Limited,1,2,0,0
215439,PLAY2GO LTD,1,6,0,0
215429,IQVIA SOLUTIONS HQ LTD,1,2,0,0
215413,Daniel Jackson,1,3,0,0
215355,ALICE NETWORKS LTD,1,3,2,10
215322,UK Dedicated Servers Limited,1,1,1,1
215316,CLOUDAKA CLOUD PROVIDER LTD,1,1,0,0
215303,Qubitbytes LTD,1,1,1,3
215281,Apex Universe Networks LTD,1,1,0,0
215252,Lantec Services Ltd,1,1,1,1
215240,Silent Connection Ltd.,1,5,0,0
215184,MoeChuang Network Limited,1,3,1,1
215127,410 Teapot Limited,1,1,0,0
215113,VICTORIA INTERNATIONAL HOLDINGS LTD,1,1,0,0
215089,Fast Panda Limited,1,1,0,0
215071,Server Switch Limited,1,3,0,0
215066,Aquiss Limited,1,9,1,1
215047,DSV Communications Limited,1,1,1,1
215030,Pinkmare Cloud Limited,1,1,0,0
215008,e-volve Solutions Ltd,1,1,1,1
215000,Country Connect Ltd.,1,8,0,0
214966,IP6.cloud LTD,1,1,0,0
214927,PSB HOSTING LTD,1,4,0,0
214834,Rekade International LTD,1,1,1,4
214820,SUMMITARC MARKETING LTD,1,1,0,0
214722,Lighthouse Global Europe Limited,1,1,0,0
214637,Online Projects LTD,1,1,0,0
214618,Hack The Box Ltd,1,1,1,1
214599,INFRANET SOLUTIONS LTD,1,1,2,2
214590,FAST NETWORKS LTD,1,1,1,1
214579,Hala Networks Limited,1,1,0,0
214557,HOSTMENOW LTD,1,1,0,0
214555,Treasury Limited,1,1,1,1
214506,ScarceHost Limited,1,1,0,0
21448,Integrated Digital Services Ltd,1,2,0,0
214457,Veesix Networks Ltd,1,1,1,1
214451,Oliver Reid,1,1,3,1
214424,nForto Ltd,1,1,0,0
214409,Robotic Node LTD,1,1,0,0
214346,Hunter Web Ltd,1,1,0,0
214309,Aurorix Gaming Solutions Limited,1,1,1,2
214294,NOOB RP LTD,1,1,4,3
214293,BUDGET DOMAINS LTD,1,1,0,0
214284,INTERNET MEDIA STREAM LTD,1,1,0,0
214260,I.T Communications Limited,1,1,0,0
21422,Connect internet Solutions Limited,1,1,0,0
214188,VoltHosting Ltd,1,1,1,1
214177,Validation Labs LTD,1,1,0,0
21346,Enterprise Services Information Security UK Limited,1,5,0,0
213354,INTERNATIONAL HOSTING SOLUTIONS LLP,1,16,1,1
213185,Eta Heese,1,1,1,1
212826,Mosento International LTD,1,10,0,0
212806,VeloxServ Communications Ltd,1,1,1,1
212797,Perform Content Services Limited,1,1,0,0
212788,Edge Network Technologies Ltd,1,1,0,0
212656,3verest Limited,1,2,0,0
212606,DiPocket Limited,1,1,0,0
212601,Calastone Limited,1,2,0,0
212482,XHOST INTERNET SOLUTIONS LP,1,2,0,0
212446,CACI Ltd,1,1,0,0
212426,Hey Broadband LTD,1,1,0,0
212419,Salmon Ltd,1,1,0,0
212329,Netcraft Ltd,1,2,1,2
212195,Nexstor Ltd,1,1,0,0
21218,EBC Group (UK) Ltd,1,1,0,0
212177,AIRBYTES COMMUNICATIONS Limited,1,2,3,3
212169,CARDOCK HOSTING LIMITED,1,1,0,0
211956,Joshua Powell,1,1,0,0
211878,All Simple Internet Services LLP,1,3,1,1
211855,In The Frame (Manchester) Ltd,1,1,0,0
211854,Superhero Broadband Ltd,1,1,0,0
211844,Southern Water Services Ltd,1,5,0,0
211810,Ryan Hewson,1,1,2,3
211803,CARDOCK HOSTING LIMITED,1,1,0,0
211775,London Grid for Learning Trust,1,2,0,0
21160,Markel International Services Ltd,1,1,0,0
211500,LOBOS NETWORKING LTD,1,3,0,0
211474,CMG Studios Limited,1,1,0,0
211437,Gareth Woolridge,1,1,1,1
211431,Andrew Aubury,1,1,2,9
211339,Vortia Ltd,1,1,0,0
211289,Joshua Leahy,1,1,1,1
211271,EDF HOSTING AND WEB SERVICES LIMITED,1,1,0,0
211198,WhiteSpider Enterprise Services Limited,1,1,0,0
211175,Caudata Ltd,1,1,1,1
211165,CARDOCK HOSTING LIMITED,1,1,0,0
211142,CARDOCK HOSTING LIMITED,1,1,0,0
211126,WHG Hosting Services Ltd,1,2,0,0
211120,CARDOCK HOSTING LIMITED,1,1,0,0
211118,WORLDONE RESEARCH LIMITED,1,1,0,0
211077,UK Home Office (The Secretary of State for the Home Department),1,2,0,0
211067,Eastbourne Borough Council,1,1,0,0
211049,Department of Health and Social Care,1,1,0,0
211032,LOBOS NETWORKING LTD,1,1,0,0
211020,LOBOS NETWORKING LTD,1,2,0,0
211015,UK Home Office (The Secretary of State for the Home Department),1,1,0,0
211006,Linkorg Networks Ltd,1,1,0,0
210988,London Borough Of Hammersmith & Fulham,1,1,0,0
210938,Whitbread Group PLC,1,1,0,0
210924,ssd networks limited,1,2,0,0
210892,Lightspeed Networks Ltd,1,9,1,4
210751,Bit Chute Limited,1,1,0,0
210549,CDW Ltd,1,1,0,0
210511,Direct Market Solutions Limited,1,1,0,0
210310,Daisy Communications Ltd,1,2,0,0
210282,Frontier Technology Limited,1,2,0,0
210279,DIGITAL MEDIA TECHNOLOGIES LTD,1,1,0,0
210216,HCL Technologies UK Limited,1,1,0,0
210101,Cyber Pathogen Ltd,1,1,0,0
210096,Stem Connect LTD,1,1,0,0
209999,Ascot Racecourse Ltd,1,1,0,0
209931,Virair Limited,1,1,0,0
209899,Nubis Associates Limited,1,1,1,1
209888,Aeriandi Limited,1,2,0,0
209669,Ashley Primo,1,1,2,10
209641,I-SERVERS LTD,1,53,1,24
209635,Red Matter Limited,1,1,1,1
209594,IGC Technical Solutions Ltd,1,2,0,0
209559,XHOST INTERNET SOLUTIONS LP,1,1,0,0
209493,HOSTING2YOU LTD,1,2,0,0
209341,WHG Hosting Services Ltd,1,2,0,0
209329,FOCUS 4 U LTD,1,1,0,0
209318,North East Business and Innovation Centre Limited,1,2,1,2
209224,CYBERHUB INTERNATIONAL LTD,1,3,0,0
209220,Ablative Hosting Ltd,1,1,1,3
209215,Moe Network Ltd,1,1,1,1
209134,Atmoso Limited,1,3,0,0
208907,Chris Lawrence,1,1,1,1
208902,Valero Energy Ltd,1,1,0,0
208623,Threadneedle Asset Management Holdings Ltd,1,1,0,0
208612,Kurt McLester,1,1,0,0
208576,Arts Alliance Media Ltd,1,1,0,0
208524,VITS LIMITED,1,1,0,0
20842,IPTP LTD,1,14,0,0
208408,Karanyi Ltd,1,4,1,4
208402,Cerner Limited,1,1,1,1
208330,BLX Limited,1,1,0,0
208307,SECONDMIND LIMITED,1,1,0,0
208189,AllPoints Fibre Networks Limited,1,10,1,2
208180,Bluecube Cyber Security Solutions Limited,1,4,0,0
208123,SPN Alliance Limited,1,1,0,0
208026,LITTLEWOODS LTD,1,2,0,0
207925,Squirrel Internet Ltd,1,1,1,2
207908,Maria Merkel Ltd,1,1,1,1
207900,Northrop Grumman UK Limited,1,2,0,0
207755,Rory Bolton,1,1,0,0
207748,Stephen Fraser,1,1,1,2
207673,Perform Content Services Limited,1,1,0,0
207586,Doyle (North West) Ltd.,1,1,1,1
207312,BluJay Solutions Ltd,1,1,0,0
207245,DSTI Holdings Limited,1,1,0,0
207194,Total Computer Services Ltd,1,2,0,0
207173,Northrop Grumman UK Limited,1,2,0,0
207120,Quickline Communications Limited,1,2,0,0
207108,AH CLOUD LTD,1,1,2,14
207089,IT Systems & Support Limited,1,1,0,0
207080,Jack Fillan,1,1,18,1
207072,Nigsun Limited,1,1,1,1
207045,KORE WIRELESS UK LIMITED,1,5,0,0
207009,Future Publishing Ltd,1,2,1,1
206976,Kadfire Limited,1,3,1,2
206939,Yospace Technologies Ltd,1,1,2,1
206933,NSC Global Limited,1,1,0,0
206797,ADS Securities London Limited,1,1,0,0
20679,HighSpeed Office Limited,1,1,2,1
206754,Alistair Mackenzie,1,1,2,2
206726,Financial Insurance Group Services Limited,1,1,0,0
206688,Vauxhall Finance plc,1,1,0,0
206682,LIMA Networks Limited,1,1,0,0
206681,Ivista Limited,1,1,0,0
206664,FLEXTRADE UK LIMITED,1,1,0,0
206629,Ministry of Justice,1,16,0,0
206512,TIGOVA NETWORK LIMITED,1,2,0,0
206509,KCOM GROUP LIMITED,1,5,0,0
206490,Southend-on-Sea City Council,1,1,0,0
206405,CALIU LTD,1,4,0,0
206332,Arrow Business Communications Limited,1,3,4,1
206289,TSB BANKING GROUP PLC,1,4,0,0
206223,Teledyne Limited,1,2,0,0
206187,Interactive Investor Services Limited,1,3,0,0
206164,Internet Utilities Europe and Asia Limited,1,2,0,0
206160,Simon Mott,1,1,1,1
206150,Internet Utilities Europe and Asia Limited,1,52,1,216
206092,Internet Utilities Europe and Asia Limited,1,136,0,0
206062,Space Data Centres Ltd,1,1,0,0
205986,GLYN Research Limited,1,10,0,0
205944,ISAM FUNDS (UK) LIMITED,1,3,0,0
205885,Cloudnet IT Solutions Ltd,1,1,1,1
205855,Evolution Gaming LTD,1,1,0,0
205842,Link Web Solutions LLP,1,3,0,0
205804,Delta V Technologies Limited,1,4,1,3
205756,JAGUAR LAND ROVER AUTOMOTIVE PLC,1,2,0,0
205749,INTELLIGENT COMMUNITYCATIONS 125 LTD,1,1,1,5
205734,Copart UK Limited,1,6,0,0
205615,SS&C Solution Limited,1,1,0,0
205599,A.B.F.HOLDINGS LIMITED,1,1,0,0
205565,Base Telecommunications LLP,1,1,1,1
205552,LOTS OF BITS LTD,1,1,0,0
205531,Johnathon Moore,1,1,0,0
205517,Highland Community Broadband C.I.C.,1,1,0,0
205372,Evrocom.uk Limited,1,1,0,0
205360,Migration Forensics Limited,1,1,1,1
205311,Cambridge Fibre Networks Ltd.,1,1,1,1
205309,Prodec Networks Ltd,1,3,0,0
205265,Kadfire Limited,1,2,1,2
205220,RH & Co. IT Services Ltd,1,68,0,0
205200,BOLDYN NETWORKS UK LIMITED,1,1,0,0
205197,Kanta Enterprises Ltd,1,1,0,0
205090,FIRST SERVER LIMITED,1,34,1,2
205056,DIAHOSTING LIMITED,1,5,0,0
204997,FIRST SERVER LIMITED,1,41,0,0
204978,LOBOS NETWORKING LTD,1,2,0,0
204939,TAC COMMUNICATIONS LTD,1,1,1,1
204928,Bonsai Hosting ltd,1,2,0,0
204914,LABIXE LTD,1,7,1,1
204828,EAJ Global Ltd,1,1,1,1
204800,WHG Hosting Services Ltd,1,2,0,0
204755,MAV Studios UK LTD,1,1,1,8
204688,Lantec Managed Services LLP,1,1,0,0
204592,Cosmos Wireless Ltd,1,7,0,0
204562,JAVELIN BROADBAND LIMITED,1,4,1,1
204550,Continental Limited,1,2,1,1
204519,KORP TRADE LP,1,1,0,0
204486,Cheshire East Council,1,1,0,0
204436,Kualo Limited,1,2,1,1
204387,Evolution Gaming LTD,1,1,0,0
204239,Abzorb Data Limited,1,4,0,0
204222,Her Majesty's Revenue and Customs,1,1,0,0
204193,Pragma Cloud Limited,1,4,0,0
204154,FIRST SERVER LIMITED,1,4,1,1
204055,CentralNic Ltd,1,1,1,1
204045,Compass Plus (Great Britain) Limited,1,1,0,0
204037,Qernal LTD,1,1,1,1
204018,Cityfibre Limited,1,1,0,0
203987,Vysiion Limited,1,2,0,0
203961,CentralNic Ltd,1,1,1,1
203812,Global Direct Delivery Ltd,1,4,0,0
203767,Claritas Solutions Limited,1,2,0,0
203728,BAHU LTD,1,1,2,1
203678,No Problem IT Ltd,1,1,0,0
203652,IBM United Kingdom Limited,1,2,0,0
203470,Ezrinix LTD,1,1,1,1
203460,Village Networks Ltd.,1,1,0,0
203452,Swarco UK & Ireland Ltd,1,1,0,0
203449,Hopewiser Ltd,1,1,1,1
203397,CURVE INFORMATION TECHNOLOGY LIMITED,1,1,0,0
203317,THE COMMUNICATOR CORPORATION LIMITED,1,1,0,0
203251,Alchemy Systems International Limited,1,1,0,0
203235,zananet Limited,1,3,1,1
203231,Vanquish Global Trading Ltd,1,3,1,1
203220,Yahoo-UK Limited,1,3,1,1
203219,Yahoo-UK Limited,1,3,1,1
203204,Serviced Cloud Ltd,1,2,0,0
203184,FNZ HOLDINGS UK LIMITED,1,2,0,0
203128,NEWCASTLE STRATEGIC SOLUTIONS LIMITED,1,1,0,0
203070,Yahoo-UK Limited,1,3,1,1
202901,Netcall Technology Limited,1,3,0,0
202888,UPSTREAM NETWORK LTD,1,1,2,2
202867,Voneus Ltd,1,1,0,0
202818,LUMEN TECHNOLOGIES UK LIMITED,1,2,0,0
202808,Blairlogie Community and Heritage Trust,1,1,0,0
202797,DIGIBIT TECHNOLOGIES LTD,1,3,0,0
202793,OCTET TELECOM LIMITED,1,1,0,0
202783,NHS National Services Scotland,1,1,0,0
202695,Modern Networks Services Ltd,1,2,1,1
202665,SMShighway Limited,1,1,0,0
202595,Squiz UK Limited,1,2,0,0
202590,Edinburgh Hacklab Ltd,1,1,3,1
202587,C2C Ltd,1,1,0,0
202575,University of Hull,1,1,0,0
202529,CDW Ltd,1,1,0,0
202525,Chun Ming Ou,1,1,3,5
202459,Cushman & Wakefield Debenham Tie Leung Limited,1,1,0,0
202455,Cushman & Wakefield Debenham Tie Leung Limited,1,1,0,0
202363,R.J. OBrien Limited,1,1,0,0
202288,Matthew Martin,1,1,1,1
202235,UK On-line Agri-sales Limited,1,1,1,1
202212,DWebs Ltd,1,1,1,1
202110,Travis Perkins Trading Company Limited,1,1,0,0
202067,Advantex Network Solutions Ltd,1,2,0,0
202038,Intercity Technology Ltd,1,19,0,0
201949,Seed Technologies LTD.,1,3,1,1
201930,L10N Media (UK) Ltd,1,1,0,0
201903,Evorio Limited,1,1,0,0
201855,RAYMOND JAMES INVESTMENT SERVICES LIMITED,1,3,0,0
201854,Octopus Telecom Ltd,1,1,0,0
201773,University of Warwick,1,2,0,0
201755,Squiz UK Limited,1,4,0,0
201715,Ineedbroadband Ltd,1,2,0,0
201529,Orchid Cellmark Ltd,1,1,2,1
201528,Orchid Cellmark Ltd,1,1,2,2
201508,Connexin Limited,1,3,0,0
201467,Trillium Property Services Limited,1,1,0,0
201433,WISCOL LIMITED,1,1,0,0
201409,HOSTSHIELD LTD,1,3,0,0
201304,CentralNic Ltd,1,1,1,1
201303,CentralNic Ltd,1,1,1,1
201301,Soundmouse Ltd,1,1,1,1
201289,COMMIFY UK LIMITED,1,1,0,0
201230,Peninsula Business Services Ltd,1,1,0,0
201115,Pylon One Ltd,1,1,1,1
200876,Evolving Networks Limited,1,28,0,0
200704,RAGURON BULUT BILISIM TEKNOLOJILERI LTD,1,2,0,0
200692,KLDiscovery Limited,1,1,0,0
200652,Nuvias UC Limited,1,1,1,1
200639,Cross Computing Services Limited,1,1,1,3
200552,Acklo Ltd,1,2,0,0
200468,ALVAREZ & MARSAL DISPUTES AND INVESTIGATIONS LLP,1,1,0,0
200425,Genius Sports UK Limited,1,1,2,1
200418,Victor Connect Ltd.,1,3,0,0
200304,Everyday Communications LTD,1,1,0,0
200260,Debugged Ltd,1,1,1,2
200251,Cineworld Cinemas Limited,1,1,0,0
200164,The Random House Group Limited,1,3,0,0
200131,STALLIONDC Limited,1,10,0,0
199984,BLRM LTD,1,2,1,2
199944,Cardinia Real Estate UK Limited,1,17,0,0
199909,ELITETELE.COM PLC,1,8,1,1
199903,NICE SYSTEMS UK LTD,1,2,0,0
199886,Shetland Broadband LLP,1,2,0,0
199788,Motion Picture Solutions Limited,1,1,0,0
199706,Block Solutions Ltd,1,2,0,0
199675,Willis Group Services Ltd,1,6,0,0
199659,Suretec Systems Limited,1,4,1,1
199555,Virgin Money plc,1,2,0,0
199548,UrSolutions Ltd,1,1,0,0
199542,IOMART MANAGED SERVICES LIMITED,1,21,0,0
199535,Bet Invest LTD,1,1,0,0
199455,Virgin WiFi Ltd,1,3,0,0
199387,SEQTO LTD,1,1,0,0
199379,Markerstudy Insurance Services Limited,1,2,0,0
199269,Claranet Limited,1,1,0,0
199262,Transport for London,1,1,0,0
199066,Data8 Limited,1,1,0,0
198990,Pine Hosting LTD,1,3,0,0
198981,NETSHIELD LTD,1,1,0,0
198957,System Force I.T. Ltd,1,2,0,0
198895,Techade Ltd,1,5,0,0
198864,"Queen Mary and Westfield College, University of London",1,6,1,3
198863,Cambridge University Press (Holdings) Limited,1,1,0,0
198862,We Move Bits LTD,1,1,0,0
198801,Your Housing Group Ltd,1,1,0,0
198723,University of Reading,1,1,2,1
198628,FIDESSA TRADING UK LIMITED,1,1,0,0
198472,Manchester City Council,1,1,0,0
198466,J. MORBY,1,1,0,0
198440,AllPoints Fibre Networks Limited,1,16,1,13
198382,Teledata UK Limited,1,21,0,0
198362,NETH LTD,1,2,0,0
198361,Yaglom Labs Ltd,1,4,0,0
198353,Mimeo Limited,1,1,0,0
198312,Spectra Group (uk) Ltd,1,4,0,0
198300,FES Ltd,1,1,0,0
198231,SIXNET OPERATION LTD,1,5,4,173
198222,West Herts College,1,1,0,0
198220,Datapipe Europe Ltd,1,2,0,0
198219,Charlie Camilleri,1,1,1,2
198071,Berch Solutions Limited,1,1,1,1
198063,AWIN LTD,1,1,0,0
197976,Favbet Invest LLP,1,1,0,0
197958,NET DEFENCE LIMITED,1,1,0,0
197913,Cadence Networks Ltd,1,3,0,0
197685,Onionring Limited,1,1,0,0
197677,Mr David John Benwell,1,1,1,1
197568,PINNACLE INSURANCE MANAGEMENT SERVICES PLC,1,1,0,0
197560,Beeks Financial Cloud Ltd,1,2,0,0
197414,XHOST INTERNET SOLUTIONS LP,1,2,0,0
197407,CHINA UNICOM (EUROPE) OPERATIONS LIMITED,1,3,0,0
197387,The Sporting Exchange (Clients) Ltd,1,1,0,0
197370,Nottinghamshire County Council,1,1,0,0
197106,T. Rowe Price International LTD,1,1,0,0
196990,Shawbrook Bank Limited,1,1,0,0
196902,Dudley Metropolitan Borough Council,1,1,0,0
196778,Transport for London,1,3,0,0
196741,DataArt Technologies UK Ltd,1,1,0,0
16351,Juno Records Ltd,1,1,0,0
16339,Virtual Internet (UK) Limited,1,3,0,0
16238,Telecom2 Ltd.,1,1,0,0
16212,Telesat International Ltd,1,15,0,0
16197,Innovanti Limited,1,4,0,0
16032,The Internet Business Ltd,1,5,0,0
15917,CSC Computer Sciences Ltd,1,3,0,0
15752,BP International Ltd,1,1,0,0
15404,COLT Technology Services Group Limited,1,148,1,7
15395,Rackspace Ltd.,1,36,1,1
14670,WHG Hosting Services Ltd,1,35,0,0
137502,NOMINET UK,1,18,1,15
13173,Foreshore Limited,1,13,1,1
131222,MTS India,1,4,0,0
12761,COLT Technology Services Group Limited,1,6,0,0
12708,TalkTalk Communications Limited,1,11,0,0
12628,JACO ENGELBRECHT,1,1,1,1
12613,Firebrick Limited,1,1,0,0
62246,WJY Limited,0,0,33,5
61126,Lee Valentine,0,0,1,4
6067,,0,0,1,1
60431,PNO Solutions Limited,0,0,16,2
60188,RHINO CLOUD LTD,0,0,1,2
59566,LogicForge Limited,0,0,1,1
58339,MARIA STYLE LTD,0,0,5,16
58270,Smish Networks LTD,0,0,1,2
58148,Ironside Systems Ltd.,0,0,1,1
57467,NCRYPTD NET LTD,0,0,1,1
57110,Aaran Perry,0,0,18,4
56758,Cr0bar Limited,0,0,14,8
52181,SCOTTY'S SOFTWARE LTD.,0,0,1,1
51999,Internet Limited,0,0,26,2
51939,Terra Management Consulting Ltd,0,0,1,2
50224,Material Global Limited,0,0,17,19
49440,PLUSTEL LIMITED,0,0,1,1
48987,Jiaxun Yang,0,0,20,2
48961,Glide Student & Residential Limited,0,0,1,1
48771,Orange S.A. Ltd,0,0,1,2
48700,2adventure Studios Ltd,0,0,1,3
47509,Wai-Wah Tang,0,0,3,10
47326,Netherji Ltd.,0,0,14,5
44754,SpaceMine Ltd,0,0,1,1
44509,LZ NETWORKS LIMITED,0,0,1,1
44355,Colocation Ltd,0,0,1,1
41255,Alanyhq Networks Limited,0,0,1,1
34202,Clouvider Limited,0,0,1,1
29478,Karl Dyson,0,0,2,2
216324,Hyper Group Network Ltd.,0,0,82,22
216254,Gary Lee,0,0,1,1
216212,Kaupthing Limited,0,0,3,1
216126,James Ledger,0,0,14,11
216055,Wren Olivia Wood,0,0,1,1
215978,,0,0,1,1
215965,Just Paranoid Ltd,0,0,1,1
215963,Torin Storkey,0,0,1,1
215926,LAMGC LTD,0,0,1,1
215913,Chun Ming Ou,0,0,2,3
215905,10VPN Research Network LTD,0,0,1,1
215889,Omegacloud Solutions Ltd,0,0,2,1
215810,DITHER LIMITED,0,0,1,3
215780,NordicVM LTD,0,0,2,2
215768,Alex Haydock,0,0,1,1
215743,PONGPONG NETWORK LTD,0,0,5,5
215729,Hyper Group Network Ltd.,0,0,3,16
215660,FOG NETWORKS LTD,0,0,14,2
215634,Seth Maurice-Brant,0,0,1,1
215617,Hyper Group Network Ltd.,0,0,1,1
215600,KTT Europe Limited,0,0,1,1
215598,MIHOYO NETWORK LIMITED,0,0,1,14
215592,PART0CLOUD NETWORK LIMITED,0,0,4,10
215575,HIGH PING LTD,0,0,8,12
215548,Catto Enterprises LTD,0,0,1,1
215543,HOYOVERSE NETWORK LTD,0,0,2,3
215527,Xero Networks LTD,0,0,3,6
215387,Adrian Fretwell,0,0,1,1
215368,Connor McFarlane,0,0,1,1
215363,Wles Technologies Ltd,0,0,1,4
215332,Lewis Foster,0,0,14,1
215276,OUO NETWORK LTD,0,0,4,4
215243,429 RATE LIMITED,0,0,3,1
215242,DATAPENTA LIMITED,0,0,1,3
215158,Peerlink LTD,0,0,1,23
215022,Jamie Hosker,0,0,1,1
215002,PRISM.GG Limited,0,0,1,2
214974,Zerotech Networks Limited,0,0,1,1
214924,Telekom Mobile Ltd.,0,0,1,1
214916,iPv6-Cloud LTD,0,0,1,1
214862,Ashley Hunter,0,0,2,3
214819,Buzzster Ltd,0,0,18,1
214818,William Wilson,0,0,17,3
214808,DUCKY CLOUD TECHNOLOGIES LIMITED,0,0,2,5
214731,ETO Networks Limited,0,0,29,27
214715,JKMOVING NETWORKS LTD,0,0,1,1
214713,AURORC NETWORKS LTD,0,0,14,17
214672,VIRTOX SOLUTIONS LTD,0,0,2,3
214627,Mersey Fibre Limited,0,0,1,1
214605,DataLink Connect LTD,0,0,1,1
214604,CyberNet Secure LTD,0,0,1,1
214600,StarLink Solutions LTD,0,0,1,1
214596,NovaNet Technologies LTD,0,0,1,1
214595,PixelNet Systems LTD,0,0,1,1
214594,Quatum Connect LTD,0,0,1,1
214592,Gladelight Limited,0,0,3,2
214583,STRATOSPHERE SERVERS LTD,0,0,1,1
214559,TECHWARE CONNECT LTD,0,0,1,1
214558,LINKEDGE TECHNOLOGIES LTD,0,0,1,1
214514,Henry Clarke,0,0,1,1
214512,ADEPTUS RETICULUM LIMITED,0,0,1,21
214496,Arcueid Network Limited,0,0,1,1
214480,YAEYAE Limited,0,0,2,1
214426,ALPHAWAVE NETWORKS LTD,0,0,1,1
214425,CASTECH LTD,0,0,1,1
214242,Jiaxing Xing,0,0,1,1
214199,Johnathan Hine,0,0,1,2
213262,Moe Overflow Electric Limited,0,0,16,11
213234,Cagir Ltd,0,0,39,2
213201,Mathew Philipps,0,0,62,2
213169,Catixs Ltd,0,0,1,1
213092,Marble Information Systems Limited,0,0,89,15
212541,MikeNetworks Management Ltd.,0,0,1,1
212483,LEVEL EIGHTY-SIX COMMUNICATIONS LTD,0,0,"1,574",32
212353,Brad Lewis Marsden,0,0,1,1
212232,Benjamin Cartwright-Cox,0,0,113,5
212227,Mizore Ltd,0,0,2,2
212121,James Ray,0,0,16,7
211966,Ben Houghton,0,0,1,1
211879,Nicholas Ryce,0,0,1,1
211754,Stephen Robinson,0,0,1,1
211665,Mark Robinson,0,0,13,1
211576,IMOEQ LIMITED,0,0,1,1
211380,Simulhost Limited,0,0,195,23
211350,,0,0,1,1
211224,Joseph Banks,0,0,1,2
211144,,0,0,1,1
211035,PHANTOM HIVE NETWORK LTD,0,0,12,17
210985,Christopher Bishop,0,0,1,1
210961,Nathan York,0,0,2,1
210476,INCOLUMIS NETWORKS LTD,0,0,1,1
210090,Zack Piper,0,0,1,1
210072,,0,0,1,1
209808,Luke James,0,0,1,1
209806,Edgesonic (UK) Services Limited,0,0,1,1
209771,SYSN LTD,0,0,29,1
209606,Beyond Orbit Ltd.,0,0,41,5
209391,Suse Technology Limited,0,0,5,16
209297,NICHI YOROZUYA LTD,0,0,1,3
208699,Leo Shum,0,0,12,7
208242,Jacob Mansfield,0,0,1,1
208150,Ross Robert Gillies,0,0,1,1
208051,SR2 Communications Limited,0,0,1,1
207890,Andrew Williams,0,0,3,2
207687,Ainsoft IT Services Ltd.,0,0,1,1
207574,MikeNetworks LTD,0,0,1,1
207480,Molly Miller,0,0,2,2
207268,STRATEGIC EXPLORATIONS LTD,0,0,8,5
206986,Clouvider Limited,0,0,1,1
206792,Zachary Buller,0,0,1,1
206335,Morgan Philips UK Limited,0,0,1,1
206074,Internet Utilities Europe and Asia Limited,0,0,1,14
205878,Abaca Systems Limited,0,0,1,1
205866,,0,0,1,1
205589,Dani Jules Dixon,0,0,1,1
205414,MCN Ltd,0,0,1,1
205267,NovaLink Networks Ltd.,0,0,1,1
205058,Maeeko Cat Housing Ltd.,0,0,3,4
204946,ABSOLUTE GUFF LTD,0,0,3,1
204931,PNO Solutions Limited,0,0,19,5
204857,BerryByte Limited,0,0,2,1
204842,Long Isaac Kwan,0,0,1,1
204789,BIZBETA LTD,0,0,5,10
204660,Tiger Technologies Limited,0,0,2,1
204446,Hellomouse Ltd,0,0,7,7
204375,Adam Goodenough,0,0,1,2
204345,Timothy Stallard,0,0,25,1
204318,Benjamin Cartwright-Cox,0,0,1,30
204291,Thomas McLoughlin,0,0,1,6
204125,Jonathan Laver,0,0,1,1
203873,Alexander Berry-Roe,0,0,1,7
203635,,0,0,1,1
203521,Robert Beardsley,0,0,1,2
203438,Regus Group Services Ltd,0,0,1,4
203232,Xenode Ltd,0,0,1,1
203074,Ashley Primo,0,0,2,5
203024,Sam Tarling,0,0,1,1
202976,Reece Cooper,0,0,1,1
202776,MOECLUB LTD,0,0,10,2
201567,Vivian Band,0,0,1,1
201335,Seven Networking UK Ltd,0,0,3,3
200850,NETSYN LTD,0,0,4,1
200840,BIZBETA LTD,0,0,1,1
200800,Zurganf Ltd,0,0,13,1
200754,SHADOWRHYTHM LIMITED,0,0,7,4
200708,Hugo Da Costa,0,0,13,1
200707,Integrated Digital Services Ltd,0,0,1,1
200586,DiscountHost Ltd,0,0,1,1
200455,HOTARU NETWORK LTD.,0,0,32,5
200371,Bentley-Walker Limited,0,0,1,1
200299,BaseServ Limited,0,0,1,1
200280,Cameron Sharp,0,0,1,1
200241,OCEAN WAVES DATA LIMITED,0,0,1,3
200203,EASY HOSTER LIMITED,0,0,1,3
200198,DSM (GB) Limited,0,0,1,1
199972,Chireiden Railway LTD,0,0,1,1
199957,Nathan Lasseter,0,0,1,1
199765,Hostaris Limited,0,0,1,1
199688,HuajiTech Ltd,0,0,1,1
199519,Jack Brierley,0,0,1,7
199111,GRAND CYAN LTD,0,0,1,1
199109,Guy Fenn-Newbury,0,0,1,1
199052,AquaHost LTD,0,0,1,2
199030,Edward Brook,0,0,1,1
198768,OASIS INFOTECH LIMITED,0,0,9,2
198722,TxRx Communications Ltd,0,0,1,1
198316,SUNDOWNFRUIT TECH LTD,0,0,1,2
197739,Simon Helson,0,0,1,1
149007,Dezheng He,0,0,1,3
12647,Orbital Net Ltd,0,0,1,1
