"name","id","website","city","country","association"
"1-IX Kyiv (1-IX Internet Exchange)","82003","http://1-ix.net","Kyiv","UA","Euro-IX"
"1-IX Warsaw (1-IX Internet Exchange Warsaw)","82001","https://1-ix.net","Warsaw","PL","Euro-IX"
"48 IX (48 IX)","70781","https://48ix.net","","US","North America"
"4IXP (4B42 Internet Exchange Point)","70800","https://www.4ixp.com","Zurich","CH","Euro-IX"
"6NGIX (IPv6 Next Generation Internet eXchange)","186","http://vsix.net/eng/","Seoul","KR","APIX"
"A.IX (Advanced Internet eXchange)","690","http://www.a-ix.org","Beirut","LB","Euro-IX"
"AAIX (Alpes Adria Internet Exchange)","324","http://www.aaix.at/","Klagenfurt","AT","Euro-IX"
"ABQIX (New Mexico Internet Exchange DBA ABQIX)","70364","https://www.abqix.net","","US","LAC-IX"
"Accra Internet Exchange LBG","90817","","","","AFIX"
"AccurIX LAN1 (AccurIX)","85982","https://accurix.net/","Kanata","CA",""
"ACIX (Africa Congo Internet eXchange)","83686","https://acix.net","Kinshasa","CG","AFIX"
"ACT-IX (IX Australia (Canberra ACT))","359","http://www.ix.asn.au/","Canberra","AU","APIX"
"AF-CIX (African Cloud Interconnection Exchange)","82000","http://www.af-cix.net","Lagos","NG","AFIX"
"AHTIC LAN 1 (AHTIC IXP of Haiti)","473","","Port au Pince","HT","LAC-IX"
"AIX","96410","https://aix.area31.id","","","APIX"
"AKL-IX (New Zealand Internet Exchange, Auckland)","558","https://ix.nz/","Auckland","NZ","APIX"
"Aloha-IX (Ninja-IX)","71872","http://www.aloha-ix.net","Kapolei (Oahu)","US","North America"
"Amaravati IX","76925","https://amr-ix.net/","Mangalagiri, Andhra Pradesh","IN",""
"AMPATH (AMPATH - Florida International University/CIARA)","447","http://www.ampath.net/peering.php","Miami","US","North America"
"ams (Asteroid Amsterdam IX)","720","http://www.asteroidhq.com","Amsterdam","NL","Euro-IX"
"AMS-IX","9","https://ams-ix.net/","Amsterdam","NL","Euro-IX"
"AMS-IX Bangkok","84043","https://ams-ix.net/ban/","Bangkok","TH","APIX"
"AMS-IX Caribbean","91","https://ams-ix.net/","Willemstad, Curacao","AN","LAC-IX"
"AMS-IX Hong Kong","92","https://ams-ix.net/","Hong Kong","CN","APIX"
"AMS-IX Hyderabad","78715","https://www.ams-ix.net/hyd","Hyderabad","IN","APIX"
"AMS-IX Kolkata","78400","https://www.ams-ix.net/kol","Kolkata","IN","APIX"
"AMS-IX Lagos","84014","www.ams-ix.net","Lagos","NG","AFIX"
"AMS-IX Manila","96237","https://ams-ix.net/man","Manila","PH","APIX"
"AMS-IX Mumbai","587","https://ams-ix.net/","Mumbai","IN","APIX"
"AMS-IX Singapore","78716","https://www.ams-ix.net/sin","Singapore","SG","APIX"
"AMS-IX USA Bay Area","510","https://ams-ix.net/","San Francisco","US","North America"
"AMS-IX USA Chicago","511","https://ams-ix.net/","Chicago","US","North America"
"AMS-IX USA New York","93","https://ams-ix.net/","New York","US","North America"
"Angola IXP","257","http://www.angola-ixp.ao/","Luanda","AO","AFIX"
"angonix","509","http://angonix.net/","Luanda","AO","AFIX"
"ANI-IX Delhi","90812","","","","APIX"
"ANIX (ANIX Tirana)","10622","https://www.anix.al/","Tirana","AL","Euro-IX"
"Any2 (CoreSite) Boston (Any2 (CoreSite) Boston)","290","","Boston","US","North America"
"Any2 (CoreSite) Chicago (Any2 (CoreSite) Chicago)","291","","Chicago","US","North America"
"Any2 (CoreSite) Miami (Any2 (CoreSite) Miami)","292","","Miami","US","North America"
"Any2 (CoreSite) New York (Any2 (CoreSite) New York)","294","","New York","US","North America"
"Any2 (CoreSite) NorthEast","295","http://www.coresite.com","Reston","US","North America"
"Any2 (CoreSite) Silicon Valley","293","http://www.coresite.com/","Milpitas","US","North America"
"APE - Auckland (Auckland Peering Exchange)","189","http://nzix.net/","Auckland","NZ","APIX"
"APLIX.PL (APLIX)","708","https://aplitt.pl/en/","Gdynia","PL","Euro-IX"
"Aprosva LAN 1 (Asociaci??n de Proveedores de Servicio de Valor Agregado(APROSVA))","75299","https://aprosva.ec","La Troncal","EC","LAC-IX"
"Aqaba IX","71161","http://aqabaix.com","Aqaba","JO","Euro-IX"
"AR-IX Cabase","79597","http://www.cabase.org.ar","","AR","LAC-IX"
"ARIX (Amateur Radio Internet Exchange)","71441","https://arix.dev/","Fremont","US","North America"
"ARMIX (Armenian Internet Traffic Exchange)","394","http://www.armix.am/eng/index.php","Yerevan","AM","Euro-IX"
"ASE (DE-CIX ASEAN)","72356","https://www.de-cix.net/locations/asean","Johor Bahru","MY","APIX"
"Asia Smart IX (Asia Smart IX [BBIX Asia])","684","http://www.bbix.net/en/","Tokyo","JP","APIX"
"Asteroid Mombasa","90780","","","","AFIX"
"Asteroid Nairobi","90781","","","","AFIX"
"ATH (SEECIX)","69301","https://www.seecix.net","Athens","GR","Euro-IX"
"AuvernIX (AuvernIX)","130"," www.auvernix.org","Clermont-Ferrand","FR","Euro-IX"
"AXCIX Dusseldorf","90314","https://arexico.com/exchange","D??sseldorf","DE","Euro-IX"
"AZIX (Arizona Internet Exchange)","332","http://www.arizonaix.net/","Phoenix","US","North America"
"Bahamas-IX (Ninja-IX)","72108","http://www.ninja-ix.net/","Nassau","BS","North America"
"Balcan-IX (Balcan-IX)","335","http://www.balcan-ix.net/en/index.php","Bucharest","RO","Euro-IX"
"Balkan-IX (Balkan Internet Exchange)","252","http://www.b-ix.net/","Sofia","BG","Euro-IX"
"BALT-IX (Baltic Internet Exchange)","723","https://www.balt.net/other-services/internet-and-private-networks/balt-ix-internet-exchange/","Vilnius","LT","Euro-IX"
"Baltimore IX","13978","https://baltimoreix.net/","Baltimore","US","North America"
"Bangkok Neutral Internet Exchange (BKNIX)","122","https://bknix.co.th/","Bangkok","TH","APIX"
"Bangkok Neutral Internet Exchange Chiang Mai (BKNIX)","70046","https://www.bknix.co.th","Chiang Mai","TH","APIX"
"Banyumas Internet Exchange","81701","https://banyumasix.id","Banyumas, Jawa Tengah","ID","APIX"
"Barcelona-IX","90797","","","","Euro-IX"
"BatamIX Batam (Batam Internet Exchange - Batam)","71017","https://batamix.net","Batam","ID","APIX"
"BatamIX Jakarta (Batam Internet Exchange)","36734","https://batamix.net","Jakarta","ID","APIX"
"BBIX - Hong Kong","562","http://www.bbix.net/en/","Hong Kong","HK","APIX"
"BBIX - Osaka (Broadband Internet eXchange - Osaka)","391","http://www.bbix.net/en/","Osaka","JP","APIX"
"BBIX - Singapore (BBIX - Singapore)","573","http://www.bbix.net/en/","Singapore","SG","APIX"
"BBIX - Tokyo (BroadBand Internet eXchange - Tokyo)","140","http://www.bbix.net/en/","Tokyo","JP","APIX"
"BBIX Amsterdam","90753","","","",""
"BBIX Chicago","90750","","","",""
"BBIX Dallas","90748","","","",""
"BBIX Fukuoka (BroadBand Internet eXchange Fukuoka)","77692","https://www.bbix.net/","Fukuoka","JP","APIX"
"BBIX London","90752","","","",""
"BBIX Manila","86174","https://bbix.com.ph","","","APIX"
"BBIX MAPS","90755","","","",""
"BBIX Marseille","90754","","","",""
"BBIX Miami","90751","","","",""
"BBIX Thailand","16265","http://www.bbix.net/","","","APIX"
"BBIX US-West","86005","https://www.bbix.net/en/","","","North America"
"BCIX (BCIX Management GmbH)","29","http://www.bcix.de/bcix/","Berlin","DE","Euro-IX"
"BCN (DE-CIX Barcelona)","71788","https://www.de-cix.net/locations/barcelona","Barcelona","ES","Euro-IX"
"BDIX - Dhaka (Bangladesh Internet Exchange)","172","http://www.bdix.net/","Dhaka","BD","APIX"
"B??arnIX","71019","https://bearnix.stolon.fr","Stolon","FR","Euro-IX"
"BEE-IX","90803","","","","Euro-IX"
"Beirut-IX (Beirut Internet Exchange)","210","http://www.beirutix.net/","Beirut","LB","Euro-IX"
"BelgiumIX (Belgiumix.net)","16786","https://belgiumix.net","","BE","Euro-IX"
"Benin-IX (Benin Internet eXchange)","527","www.benin-ix.org.bj","Cotonou","BJ","AFIX"
"BertuahIX (Bertuah Internet Exchange)","81318","https://bertuahix.net","Pekanbaru","ID","APIX"
"BFD-IX (BFD-IX)","55715","https://bfdix.com","Bradford","GB","Euro-IX"
"BFIX Bobo-Dioulasso (Burkina Faso Internet Exchange Point)","71159","https://bfix.bf","Bobo-Dioulasso","BF","AFIX"
"BFIX Ouagadougou (Burkina Faso Internet Exchange Point)","537","www.bfix.bf","Ouagadougou","BF","AFIX"
"BGP.Exchange","90889","","","","North America"
"BGP.Exchange - Accra","81307","https://bgp.exchange","Accra","GH","AFIX"
"BGP.Exchange - Adelaide","81191","https://bgp.exchange","Adelaide","AU","APIX"
"BGP.Exchange - Amsterdam","81192","https://bgp.exchange","Amsterdam","NL","Euro-IX"
"BGP.Exchange - Athens","81293","https://bgp.exchange","Athens","GR","Euro-IX"
"BGP.Exchange - Atlanta","81193","https://bgp.exchange","Atlanta","US","North America"
"BGP.Exchange - Auckland","81194","https://bgp.exchange","Auckland","AU","APIX"
"BGP.Exchange - Bangalore","81285","https://bgp.exchange","Bangalore","IN","APIX"
"BGP.Exchange - Bangkok","81299","https://bgp.exchange","Bangkok","CN","APIX"
"BGP.Exchange - Barcelona","81195","https://bgp.exchange","Barcelona","ES","Euro-IX"
"BGP.Exchange - Berlin","81286","https://bgp.exchange","Berlin","DE","Euro-IX"
"BGP.Exchange - Bogata","81301","https://bgp.exchange","Bogata","CO","LAC-IX"
"BGP.Exchange - Brisbane","81196","https://bgp.exchange","Brisbane","AU","APIX"
"BGP.Exchange - Brussels","81284","https://bgp.exchange","Brussels","BE","Euro-IX"
"BGP.Exchange - Bucharest","81288","https://bgp.exchange","Bucharest","RO","Euro-IX"
"BGP.Exchange - Buenos Aires","81314","https://bgp.exchange","Buenos Aires","AR","LAC-IX"
"BGP.Exchange - Cairo","81291","https://bgp.exchange","Cairo","EG","Euro-IX"
"BGP.Exchange - Cape Town","90891","","","","AFIX"
"BGP.Exchange - Chicago","81309","https://bgp.exchange","Chicago","US","North America"
"BGP.Exchange - Dhaka","81300","https://bgp.exchange","Dhaka","BD","APIX"
"BGP.Exchange - Dusseldorf","81197","https://bgp.exchange","Dusseldorf","DE","Euro-IX"
"BGP.Exchange - Fortaleza","81302","https://bgp.exchange","Fortaleza","BR","LAC-IX"
"BGP.Exchange - Frankfurt","81198","https://bgp.exchange","Frankfurt","DE","Euro-IX"
"BGP.Exchange - Fremont","81199","https://bgp.exchange","Fremont","US","North America"
"BGP.Exchange - Hong Kong","81200","https://bgp.exchange","Hong Kong","CN","APIX"
"BGP.Exchange - Houston","81201","https://bgp.exchange","Houston","US","North America"
"BGP.Exchange - Jacksonville","81202","https://bgp.exchange","Jacksonville","US","North America"
"BGP.Exchange - Jersey City","81312","https://bgp.exchange","Jersey City","US","North America"
"BGP.Exchange - Johannesburg","81203","https://bgp.exchange","Johannesburg","ZA","AFIX"
"BGP.Exchange - Kansas","81204","https://bgp.exchange","Kansas","US","North America"
"BGP.Exchange - Kyiv","81292","https://bgp.exchange","Kyiv","UA","Euro-IX"
"BGP.Exchange - Lagos","81205","https://bgp.exchange","Lagos","NG","AFIX"
"BGP.Exchange - Las Vegas","81206","https://bgp.exchange","Las Vegas","US","North America"
"BGP.Exchange - Lima","81303","https://bgp.exchange","Lima","PE","LAC-IX"
"BGP.Exchange - London","81207","https://bgp.exchange","London","GB","Euro-IX"
"BGP.Exchange - Los Angles","81208","https://bgp.exchange","Los Angeles","US","North America"
"BGP.Exchange - Lyon","90892","","","","Euro-IX"
"BGP.Exchange - Madrid","81289","https://bgp.exchange","Madrid","ES","Euro-IX"
"BGP.Exchange - Manila","81298","https://bgp.exchange","Manila","PH","APIX"
"BGP.Exchange - Melbourne","81209","https://bgp.exchange","Melbourne","AU","APIX"
"BGP.Exchange - Mexico City","81315","https://bgp.exchange","Mexico City","MX","LAC-IX"
"BGP.Exchange - Miami","81310","https://bgp.exchange","Miami","US","North America"
"BGP.Exchange - Montreal","81294","https://bgp.exchange","Montreal","CA","North America"
"BGP.Exchange - Moscow","81210","https://bgp.exchange","Moscow","RU","Euro-IX"
"BGP.Exchange - Mumbai","81211","https://bgp.exchange","Mumbai","IN","APIX"
"BGP.Exchange - New York","81220","https://bgp.exchange","New York","US","North America"
"BGP.Exchange - Oslo","81221","https://bgp.exchange","Oslo","NO","Euro-IX"
"BGP.Exchange - Panama City","81316","https://bgp.exchange","Panama City","PA","LAC-IX"
"BGP.Exchange - Paris","81287","https://bgp.exchange","Paris","FR","Euro-IX"
"BGP.Exchange - Perth","81222","https://bgp.exchange","Perth","AU","APIX"
"BGP.Exchange - Quito","81306","https://bgp.exchange","Quito","EC","LAC-IX"
"BGP.Exchange - Riga","81290","https://bgp.exchange","Riga","LV","Euro-IX"
"BGP.Exchange - Rio de Janeiro","81317","https://bgp.exchange","Rio de Janeiro","BR","LAC-IX"
"BGP.Exchange - Riyadh","81311","https://bgp.exchange","Riyadh","SA","Euro-IX"
"BGP.Exchange - Rome","81223","https://bgp.exchange","Rome","IT","Euro-IX"
"BGP.Exchange - Santiago","81305","https://bgp.exchange","Santiago","CL","LAC-IX"
"BGP.Exchange - Sao Paulo","81313","https://bgp.exchange","Sao Paulo","BR","LAC-IX"
"BGP.Exchange - Seattle","81224","https://bgp.exchange","Seattle","US","North America"
"BGP.Exchange - Seoul","81308","https://bgp.exchange","Seoul","KR","APIX"
"BGP.Exchange - Shanghai","81297","https://bgp.exchange","Shanghai","CN","APIX"
"BGP.Exchange - Singapore","81225","https://bgp.exchange","Singapore","SG","APIX"
"BGP.Exchange - Sofia","81226","https://bgp.exchange","Sofia","BG","Euro-IX"
"BGP.Exchange - Sydney","81227","https://bgp.exchange","Sydney","AU","APIX"
"BGP.Exchange - Tel-Aviv","81228","https://bgp.exchange","Tel Aviv","IL","Euro-IX"
"BGP.Exchange - Tokyo","81295","https://bgp.exchange","Tokyo","JP","APIX"
"BGP.Exchange - Toronto","81229","https://bgp.exchange","Toronto","CA","North America"
"BGP.Exchange - Valdivia","81230","https://bgp.exchange","Valdivia","CL","LAC-IX"
"BGP.Exchange - Vancouver","81296","https://bgp.exchange","Vancouver","CA","North America"
"BGP.Exchange - Vilnius","81231","https://bgp.exchange","Vilnius","LT","Euro-IX"
"BGP.Exchange - Warsaw","81232","https://bgp.exchange","Warsaw","PL","Euro-IX"
"BGP.Exchange - Zurich","81233","https://bgp.exchange","Zurich","CH","Euro-IX"
"BGPHaus","90920","","","","Euro-IX"
"BHNIX (Bosnia and Herzegovina Neutral Internet Exchange)","10664","http://bhnix.ba/en/","Sarajevo","BA","Euro-IX"
"Big APE (The big apple peering Exchange)","298","http://www.bigape.us/","New York","US","North America"
"BINX (Botswana Internet Exchange)","258","http://www.info.bw/bispa/binx.html","Gaborone","BW","AFIX"
"BIX - Jakarta (Biznet Internet eXchange)","383","http://www.biznetnetworks.com/En/?menu=Bix","Jakarta","ID","APIX"
"BiX (Budapest Internet eXchange)","19","http://www.bix.hu","Budapest","HU","Euro-IX"
"BIX Bergen (Bergen Internet Exchange)","247","http://www.uio.no/tjenester/it/nett/fastnett/nix/","Bergen","NO","Euro-IX"
"BIX Denpasar 1","90767","","","",""
"BIX Denpasar 2","90768","","","",""
"BIX Malang","90765","","","",""
"BIX Semarang","90766","","","",""
"BIX Surabaya","90764","","","",""
"BIX.BG (BIX.BG - Bulgarian Internet eXchange)","47","http://www.bix.bg/","Sofia","BG","Euro-IX"
"BNIIX (Buffalo Niagara International Internet Exchange)","331","http://www.bniix.net/","Buffalo","US","North America"
"BNIX (Belgian National Internet Exchange)","11","http://www.bnix.net","Brussels","BE","Euro-IX"
"BOR-IX (Boras Internet Exchange)","320","http://www.bor-ix.se/","Boras","SE","Euro-IX"
"BostonIX (Markley Boston Internet Exchange)","422","http://www.markleygroup.com/Peering","Boston","US","North America"
"BR-IX (Brno Internet Exchange Point)","560","http://br-ix.cz","Brno","CZ","Euro-IX"
"Breizh-IX (Breizh-IX)","654","https://www.breizh-ix.net/","Rennes","FR","Euro-IX"
"BREM-IX (Bremen Internet Exchange)","420","http://www.brem-ix.net/","Bremen","DE","Euro-IX"
"BW-IX Karlsruhe (Baden-W??rttemberg Internet Exchange Karlsruhe)","589","http://www.inka.de","Karlsruhe","DE","Euro-IX"
"BWN (Borneo-IX)","71527","","Bandar Seri Begawan","BN","APIX"
"BYIX (Belarus National Internet Exchange Point)","327","http://www.eng.beltelecom.by/services/internet/access/","Minsk","BY","Euro-IX"
"CAIX (Cairo Internet Exchange)","262","http://caix.net.eg/","Cairo","EG","AFIX"
"CAMIX Douala","90757","","","",""
"CAMIX Yaounde","90758","","","",""
"CAN'L IX (CAN'L IXP Services)","77412","https://ix.canl.nc","Noumea","NC","APIX"
"Cape Town Internet Exchange Point (INX)","264","http://www.ispa.org.za/inx/cinx-information/","Cape Town","ZA","AFIX"
"CATNIX (Catalunya Neutral Internet eXchange)","18","http://www.catnix.net","Barcelona","ES","Euro-IX"
"CDIX (Cyber Data Internet Xchange)","688","http://www.cyberdc.net/","Jakarta","ID","APIX"
"CENTRO-IX (Centro Internet Exchange)","82256","https://ix.centro.net.id","Pekanbaru - Jakarta","ID","APIX"
"CFLIX (Central Florida Internet Exchange)","90722","","","",""
"CH-IX","61237","www.chix.ch","Glattbrug","CH","Euro-IX"
"Charlotte-IX (Ninja-IX)","71882","http://www.charlotte-ix.net","Morrisville, NC","US","North America"
"CHC-IX (New Zealand Internet Exchange, Christchurch)","50596","http://ix.nz","Christchurch","NZ","APIX"
"CHIX - Christchurch (Christchurch Internet Exchange)","190","http://nzix.net/","Christchurch","NZ","APIX"
"ChIX (Chicago Internet eXchange)","212","https://unitedix.net/","Chicago","US","North America"
"CHN-IX Beijing","555","http://www.chn-ix.net/","Beijing","CN","APIX"
"CHN-IX Guangzhou","556","http://www.chn-ix.net/","Guangzhou","CN","APIX"
"CHN-IX Shanghai","90888","","","","APIX"
"CINX Voice","90727","","","",""
"CITI IXP.QRO (Consorcio para el Intercambio de Tr??fico de Internet)","72835","http://ixp.mx","Queretaro","MX","LAC-IX"
"CitraIX Semarang","90921","","","","APIX"
"CitraIX Yogyakarta","90746","","","",""
"CitranetIX Surakarta","83033","https://www.citraix.net/","Sukoharjo","ID",""
"City-IX Frankfurt","85103","www.nl-ix.net","Frankfurt","DE","Euro-IX"
"CIVIX (Cote d???Ivoire Internet eXchange Point)","261","http://www.ciixp.ci","Abidjan","CI","AFIX"
"CIX (Croatian Internet eXchange)","37","http://www.cix.hr/","Zagreb","HR","Euro-IX"
"CIX KR (CIX - Cracow Internet Exchange)","481","http://www.ix.krakow.pl/","Krakow","PL","Euro-IX"
"CIX-ATL","675","http://www.communityix.org","Atlanta","US","North America"
"CIXP (CERN Internet Exchange Point)","134","http://www.cixp.net","","CH","Euro-IX"
"CLOUD-IX EKT","90821","","","","Euro-IX"
"CLOUD-IX MSK","90819","","","","Euro-IX"
"CLOUD-IX SPB","90820","","","","Euro-IX"
"CNC Beijing NAP (CNC Beijing NAP)","450","","Beijing","CN","APIX"
"CNIX (China Internet Exchange)","576","http://www.cnix.com.cn","Beijing","CN","APIX"
"CNX (Cambodian Network Exchange)","87","www.cnx.net.kh","Phnom Penh","KH","APIX"
"COD-IX (COD-IX)","686","https://miran.ru/","St. Petersburg","RU","APIX"
"COIX (Central Oregon Internet Exchange)","464","http://www.centraloregonix.org","Bend","US","North America"
"Community-IX DE","10646","https://www.community-ix.de/","","","Euro-IX"
"Consorzio Ge-DIX","84936","https://www.ge-dix.net/","Genova","IT","Euro-IX"
"CoreSite - Any2 Denver / RMIX Denver (CoreSite - Any2 Denver / RMIX Denver)","307","http://comfluent.com/rmix.php","Denver","US","North America"
"CoreSite - Any2 Los Angeles (CoreSite - Any2 Los Angeles)","55","","Los Angeles","US","North America"
"Crimea-IX (Crimea-IX)","78","http://crimea-ix.net/","Crimea Republic, Simferopol","RU","Euro-IX"
"CRIX (Costa Rica Internet Exchange)","522","https://www.crix.cr","San Jose","CR","LAC-IX"
"CSIX Vancouver (CloudSingularity Internet Exchange)","69459","https://www.techfutures.xyz/","Vancouver","CA",""
"CV-IXP (Associa????o Cabo Verde Internet Exchange Point)","82254","http://cvixp.cv","Praia","CV","AFIX"
"CXC Makassar","83287","https://cloudxchange.id","Makassar","ID","APIX"
"CXC-IX (cloudXchange)","83286","https://cloudxchange.id","Jakarta","ID","APIX"
"CyIX (Cyprus Internet Exchange)","149","http://www.cytanet.com.cy/network/cyix/","Nicosia","CY","Euro-IX"
"CyrusOne IX Austin (CyrusOne IX Austin)","607","","Austin","US","North America"
"CyrusOne IX Chicago (CyrusOne IX Chicago)","610","","Chicago","US","North America"
"CyrusOne IX Dallas (CyrusOne IX Dallas)","380","http://www.cyrusone.com/","Carrollton","US","North America"
"CyrusOne IX Houston (CyrusOne IX Houston)","606","","Houston","US","North America"
"CyrusOne IX Phoenix (CyrusOne IX Phoenix)","609","","Phoenix","US","North America"
"CyrusOne IX San Antonio (CyrusOne IX San Antonio)","608","","San Antonio","US","North America"
"CyrusOne IX Sterling (CyrusOne IX Sterling)","611","","Sterling","US","North America"
"DACS Central IX","90783","","","","North America"
"DACS East IX","90782","","","","North America"
"DACS West IX","90784","","","","North America"
"Dallas-IX (Ninja-IX)","71883","http://www.dallas-ix.net","Irving, TX","US","North America"
"DANIX (Dominica Internet Exchange)","81138","http://www.danix.dm","Roseau","DM","North America"
"Dartpoints Bridge-IX Columbia","81134","https://dartpoints.com/solutions/edge-interconnection/internet-exchange","Dallas","US","North America"
"Dartpoints Bridge-IX Dublin","81135","https://dartpoints.com/solutions/edge-interconnection/internet-exchange","Dublin","US","North America"
"Dartpoints Bridge-IX North Liberty","81136","https://dartpoints.com/solutions/edge-interconnection/internet-exchange","North Liberty","US","North America"
"DataIX Internet Exchange (DataIX Internet Exchange)","500","https://dataix.eu","Amsterdam","NL","Euro-IX"
"DATAIX Singapore","90736","","","",""
"DataLine-IX (DataLine-IX)","544","http://www.dtln.ru/en","Moscow","RU","APIX"
"DCI Indonesia DCI-IX","90816","","","","APIX"
"DD-IX Dresden Internet Exchange (DD-IX Dresden Internet Exchange e.V.)","90791","","Dresden","DE","Euro-IX"
"DE-CIX  Chennai (DE-CIX Interwire Internet Services Pvt Ltd)","68656","https://www.de-cix.in/locations/de-cix-chennai","Chennai","IN","APIX"
"DE-CIX  Delhi (DE-CIX Interwire Internet Services Pvt Ltd)","679","https://www.de-cix.in/de-cix-delhi/","Delhi","IN","APIX"
"DE-CIX Bangalore (DE-CIX Interwire Internet Services Pvt Ltd)","86261","https://www.de-cix.in/de-cix-bangalore","Bangalore","IN","APIX"
"DE-CIX Copenhagen","82250","https://www.de-cix.net/en/locations/copenhagen","Copenhagen","DK","Euro-IX"
"DE-CIX Esbjerg","83012","https://www.de-cix.net","Esbjerg","DK","Euro-IX"
"DE-CIX Helsinki","82251","https://www.de-cix.net/en/locations/helsinki","Helsinki","FI","Euro-IX"
"DE-CIX Hyderabad (DE-CIX Interwire Internet Services Pvt Ltd)","85651","https://www.de-cix.in/de-cix-hyderabad","Hyderabad","IN","APIX"
"DE-CIX Jakarta","89524","https://www.de-cix.net/en/locations/jakarta","Jakarta","ID","APIX"
"DE-CIX Kolkata (DE-CIX Interwire Internet Services Pvt Ltd)","680","https://www.de-cix.net/en/locations/india/kolkata","Kolkata","IN","APIX"
"DE-CIX Kristiansand","82249","https://www.de-cix.net/en/locations/kristiansand","Kristiansand","NO","Euro-IX"
"DE-CIX Leipzig","82005","https://www.de-cix.net/en/locations/leipzig","Leipzig","DE","Euro-IX"
"DE-CIX Mexico","94654","https://www.de-cix.net/en/locations/mexico","Quer??taro","MX","LAC-IX"
"DE-CIX Mumbai (DE-CIX Interwire Internet Services Pvt Ltd)","128","https://www.de-cix.in/de-cix-mumbai/","Mumbai","IN","APIX"
"DE-CIX Nordics","82248","https://www.de-cix.net/en/locations/nordics","Oslo","NO","Euro-IX"
"DE-CIX Oslo","82247","https://www.de-cix.net/locations/oslo","Oslo","NO","Euro-IX"
"DE-CIX Phoenix","78714","https://www.de-cix.net/en/locations/phoenix","Phoenix","US","North America"
"Denver IX (Denver Internet Exchange)","72537","http://www.denverix.com/","Denver, CO","US","North America"
"DesMoinesIX","90793","","","","North America"
"DET-IX (Detroit Internet Exchange)","636","http://www.detroitix.com","Detroit","US","North America"
"DFW (DE-CIX Dallas)","117","https://www.de-cix.net/locations/dallas","Dallas","US","North America"
"Digital Edge EPIX Jakarta","83288","https://www.digitaledgedc.com/products/interconnect","Jakarta","ID","APIX"
"Digital Edge EPIX Philippines","90790","","","","APIX"
"Digital Realty - Atlanta (Digital Realty Exchange - Atlanta)","142","http://www.digitalrealty.com","Atlanta","US","North America"
"Digital Realty - Dallas (Digital Realty  Dallas)","281","http://www.digitalrealty.com","Dallas","US","North America"
"Digital Realty - New York (Digital Realty New York)","282","http://www.digitalrealty.com","New York","US","North America"
"Digital Realty - Phoenix (Digital Realty Phoenix)","283","http://www.digitalrealty.com","Phoenix","US","North America"
"Digital Realty Ashburn","304","https://ix.digitalrealty.com/","Vienna","US","North America"
"Digital Realty Chicago","90756","","","",""
"DIX","89","http://www.dix.dk/","Lyngby","DK","Euro-IX"
"DIX-IE (Distributed IX in EDO)","445","http://nspixp.wide.ad.jp/","Tokyo","JP","APIX"
"Djamix","83117","https://portal.djamix.td/","","TD","AFIX"
"DjIX (Djibouti IX)","533","http://www.djiboutidatacenter.com/en/page/djibouti-ix-djix","","DJ","AFIX"
"DLA-IX (DOUALA-IX)","76485","https://www.douala-ix.net/","Douala","CM","AFIX"
"DN-IX (Donetsk Internet Exchange)","358","http://www.ix.dn.ua/","Donetsk","UA","Euro-IX"
"DO-IX LAN (DOrtmund Internet eXchange)","454","https://www.do-ix.net/","Dortmund","DE","Euro-IX"
"DPE","90887","","","","APIX"
"DRF IX (DRFortress Exchange)","317","http://www.drfortress.com/internet-exchange/drfxchange/","Honolulu","US","North America"
"DSIX (DreamServer Internet Exchange)","72355","http://ix.dreamserver.ro","Bucharest","RO","Euro-IX"
"DTEL-IX (Digital Telecom Internet Exchange)","253","http://dtel-ix.net/","Kiev","UA","Euro-IX"
"DTM (Ruhr-CIX)","71203","https://www.ruhr-cix.net/en","Ruhr area","DE","Euro-IX"
"Durban Internet Exchange Point (INX)","472","http://www.inx.net.za","Durban","ZA","AFIX"
"DUS (DE-CIX Dusseldorf)","114","https://www.de-cix.net/locations/dusseldorf","Dusseldorf","DE","Euro-IX"
"DXB (UAE-IX)","395","http://www.uae-ix.net/","Dubai","AE","Euro-IX"
"E-IX (ElectroNIX)","16739","https://e-ix.network/","","DE","Euro-IX"
"Echigo-IX (Echigo Internet Exchange)","471","http://www.echigo-ix.jp/","Niigata","JP","APIX"
"EdgeIX Adelaide (EdgeIX)","18970","http://www.edgeix.net","Adelaide","AU","APIX"
"EdgeIX Auckland (EdgeIX)","84940","","Auckland","NZ","APIX"
"EdgeIX Brisbane (EdgeIX)","23737","https://www.edgeix.net/","Brisbane","AU","APIX"
"EdgeIX Darwin (EdgeIX)","19004","http://www.edgeix.net","Darwin","AU","APIX"
"EdgeIX Hobart (EdgeIX)","19005","http://www.edgeix.net","Hobart","AU","APIX"
"EdgeIX Melbourne (EdgeIX)","23739","http://www.edgeix.net","Melbourne","AU","APIX"
"EdgeIX Perth (EdgeIX)","19006","http://www.edgeix.net","Perth","AU","APIX"
"EdgeIX Singapore (EdgeIX)","82238","http://www.edgeix.net","Singapore","SG","APIX"
"EdgeIX Sydney (EdgeIX)","23738","http://www.edgeix.net","Sydney","AU","APIX"
"EdgeNxT","85105","https://www.edgenxt.com","","","APIX"
"EG-IX (Egypt Internet Exchange)","81129","https://eg-ix.com.eg/","Cairo","EG","AFIX"
"EIX Chennai (Extreme Internet Exchange India)","15623","http://extreme-ix.org","Chennai","IN","APIX"
"EIX Delhi (Extreme Internet Exchange India)","674","http://www.extreme-ix.org","Delhi","IN","APIX"
"EIX Hyderabad (Extreme Internet Exchange India)","15624","http://extreme-ix.org","Hyderabad","IN","APIX"
"EIX Kolkata (Extreme Internet Exchange India)","15622","","Kolkata","IN","APIX"
"EIX Mumbai (Extreme Internet Exchange India)","683","http://www.extreme-ix.org","Mumbai","IN","APIX"
"ekt-ix (EKT-IX public peering VLAN)","125","http://www.msk-ix.ru/","Ekaterinburg","RU","Euro-IX"
"Electron IX","83291","https://network.usercloud.host/VIXP.html","Frankfurt","DE","Euro-IX"
"ELX-IX","90919","","","","Euro-IX"
"EO-IX (Electric Ocean Internet Exchange)","81994","https://ebgp.moe/","Freemont","US","North America"
"EPIX (e-Poludnie Internet Exchange)","531","http://www.epix.net.pl","Warsaw","PL","Euro-IX"
"EPIX Warsaw (e-Poludnie Internet Exchange)","442","http://www.epix.net.pl","Warsaw","PL","Euro-IX"
"EPIX.Poznan","90778","","","",""
"Equinix Amsterdam","16124","http://www.equinix.com/","","","Euro-IX"
"Equinix Ashburn (Equinix Ashburn)","146","http://www.equinix.com","Ashburn","US","North America"
"Equinix Atlanta (Equinix Atlanta)","443","ix.equinix.com","Atlanta","US","North America"
"Equinix Barcelona","90716","","","",""
"Equinix Bogot??","15979","https://www.equinix.com","Bogot??","CO","LAC-IX"
"Equinix Chicago (Equinix Chicago)","288","http://www.equinix.com/","Chicago","US","North America"
"Equinix Dallas (Equinix Dallas)","287","http://www.equinix.com/","Dallas","US","North America"
"Equinix Denver","16125","http://www.equinix.com/","","","North America"
"Equinix Dublin (Equinix Dublin)","701","http://www.equinix.com/","Dublin","IE","Euro-IX"
"Equinix Frankfurt (Equinix Frankfurt)","702","http://www.equinix.com/","Frankfurt","DE","Euro-IX"
"Equinix Helsinki (Equinix Helsinki)","444","http://www.equinix.com/","Helsinki","FI","Euro-IX"
"Equinix Hong Kong (Equinix Hong Kong Exchange)","239","http://www.equinix.com/en_US/locations/hong-kong/hong-kong-data-center/","Hong Kong","HK","APIX"
"Equinix Houston","16126","http://www.equinix.com/","","","North America"
"Equinix Jeddah","84514","","","",""
"Equinix Lisbon","16127","http://www.equinix.com/","","","North America"
"Equinix London (Equinix London)","703","http://www.equinix.com/","London","GB","Euro-IX"
"Equinix Los Angeles (Equinix Los Angeles)","286","http://www.equinix.com/","Los Angeles","US","North America"
"Equinix Madrid","16128","http://www.equinix.com/","","","Euro-IX"
"Equinix Manchester (Equinix Manchester)","704","http://www.equinix.com/","Manchester","GB","Euro-IX"
"Equinix Melbourne (Equinix Melbourne)","545","http://www.equinix.com.au","Melbourne","AU","APIX"
"Equinix Mexico","69613","http://www.equinix.com","Mexico City","MX",""
"Equinix Miami (Equinix Miami)","470","http://www.equinix.com/","Miami","US","North America"
"Equinix Milan (Equinix Milan)","706","http://www.equinix.com/","Milan","IT","Euro-IX"
"Equinix Montreal","90719","","","",""
"Equinix Mumbai","84938","https://ix.equinix.com/","Chennai","IN","APIX"
"Equinix Muscat","90718","","","",""
"Equinix New York (Equinix New York)","289","http://www.equinix.com/","New York","US","North America"
"Equinix Osaka (Equinix Osaka)","619","http://www.equinix.com/","Osaka","JP","APIX"
"Equinix Palo Alto (Equinix Palo Alto)","302","","Palo Alto","US","North America"
"Equinix Paris (Equinix Internet Exchange - Paris)","46","http://www.equinix.com/","Paris","FR","Euro-IX"
"Equinix Perth","90714","","","",""
"Equinix Rio de Janeiro","69614","https://www.equinix.com.br","Rio de Janeiro","BR",""
"Equinix San Jose (Equinix San Jose)","285","http://www.equinix.com/","San Jose","US","North America"
"Equinix S??o Paulo","268","https://www.equinix.com","Sao Paulo","BR","LAC-IX"
"Equinix Seattle (Equinix Seattle)","373","http://www.equinix.com/","Seattle","US","North America"
"Equinix Seoul","90717","","","",""
"Equinix Singapore (Equinix Singapore Exchange)","240","http://www.equinix.com/locations/map/asiapacific/singapore/","Singapore","SG","APIX"
"Equinix Stockholm (Equinix Stockholm)","705","http://www.equinix.com/","Stockholm","SE","Euro-IX"
"Equinix Sydney (Equinix Sydney Data Centers)","238","http://www.equinix.com/en_US/locations/australia/sydney-data-centers/","Sydney","AU","APIX"
"Equinix Tokyo (Equinix Tokyo Exchange)","241","http://www.equinix.com/en_US/locations/japan/tokyo-data-centers/","Tokyo","JP","APIX"
"Equinix Toronto (Equinix Toronto)","374","","Toronto","CA","North America"
"Equinix Vienna (VA)","16130","http://www.equinix.com/","","","North America"
"Equinix WA IX (Equinix Warsaw)","43","http://www.equinix.com/","Warsaw","PL","Euro-IX"
"Equinix Zurich (Equinix Internet Exchange - Zurich)","31","http://www.equinix.com/","Zurich","CH","Euro-IX"
"ERA-IX (ERA-IX Amsterdam)","78773","https://www.era-ix.com/","","NL","Euro-IX"
"ESPANIX Madrid Lower LAN","64","http://www.espanix.net/","Madrid","ES","Euro-IX"
"ESPANIX Madrid Upper LAN","645","http://www.espanix.net/","Madrid","ES","Euro-IX"
"Eurasia Peering IX","17770","http://www.eurasiapeering.com","Moscow","RU","Euro-IX"
"EuroGIX (European Global Internet eXchange)","344","http://www.rezopole.net/en/","Strasbourg","FR","Euro-IX"
"EVIX (Experimental Virtual Internet Exchange)","11439","https://evix.org","Manitoba","CA","North America"
"Extreme IX Bangalore (Extreme Internet Exchange India)","80163","https://extreme-ix.org","Bangalore","IN","APIX"
"F4IX KC (F4 Internet Exchange)","89484","https://f4ix.com/","Kansas City","US","North America"
"FCIX","90818","","","","North America"
"FD-IX - Iowa (Fiber Data Internet Exchange - Iowa)","78247","https://fd-ix.com","Altoona","US","North America"
"FD-IX - Texas (Fiber Data Exchange - Texas)","78246","https://www.fd-ix.com","Houston","US","North America"
"FICIX - Espoo (Finnish Communication and Internet Exchange - Espoo)","94","https://www.ficix.fi","Espoo","FI","Euro-IX"
"FICIX - Helsinki (Finnish Communication and Internet Exchange - Helsinki)","33","https://www.ficix.fi","Helsinki","FI","Euro-IX"
"FICIX - Oulu (Finnish Communication and Internet Exchange - Oulu)","109","https://www.ficix.fi","Oulu","FI","Euro-IX"
"FICIX 1 (Espoo) IPv6 MTU 9000","90725","","","",""
"FICIX 2 (Helsinki) IPv6 MTU 9000","90723","","","",""
"FICIX 3 (Oulu) IPv6 MTU 9000","90724","","","",""
"Filanco-IX","79603","https://hoster.ua","Kiev","UA","Euro-IX"
"FIX Berlin (FIX-Berlin)","88873","https://fix-berlin.net/","Berlin","DE",""
"FIXO (Free Internet eXchange Oslo)","213","http://www.fixo.no/","Oslo","NO","Euro-IX"
"FL-IX (Florida Internet Exchange)","524","http://www.communityix.org","Florida","US","North America"
"FMIX (Fargo-Moorhead Internet Exchange)","73953","https://fmix.net","Fargo","US","North America"
"FogIXP","78250","https://fogixp.org","Avers","CH","Euro-IX"
"FOX-TW (Formosa Open eXchange)","82022","https://www.fox.net.tw/en","Tiawan","TW","APIX"
"FRA (DE-CIX Frankfurt)","16","https://www.de-cix.net/locations/frankfurt","Frankfurt am Main","DE","Euro-IX"
"France-IX AURA","69","https://www.franceix.net/","","FR","Euro-IX"
"France-IX Lille","82007","https://www.franceix.net/en/pops-en/france-ix-lille-en","Lille","FR","Euro-IX"
"France-IX Marseille","440","https://www.franceix.net","Marseille","FR","Euro-IX"
"France-IX Paris","96","https://www.franceix.net","Paris","FR","Euro-IX"
"France-IX Toulouse","322","https://www.franceix.net/en/pops-en/franceix-toulouse","Toulouse","FR","Euro-IX"
"FreeIX Greece (Free IX Greece)","92821","https://free-ix.gr/","Thessaloniki","GR","Euro-IX"
"FREMIX (Free Metro Internet Exchange)","76183","https://www.fremix.exchange","Fremont","US","North America"
"Frys-IX Infrastructure (Frys-IX)","72720","http://www.frys-IX.net","Amsterdam","NL","Euro-IX"
"FSIX (Free Sandefjord IX)","68657","http://fsix.no","Sandefjord","NO","Euro-IX"
"GABIX LIBREVILLE (Gabon Internet eXchange)","16319","https://www.gabix.ga/""","Libreville","","AFIX"
"Garuda-IX","83689","https://www.garuda-ix.com/","Jakarta","ID","APIX"
"Gator-IX (Ninja-IX)","81436","http://ninja-ix.net","Miami","US","North America"
"GCIIX (Greater Chicago International Internet Exchange)","476","http://www.gciix.net","Chicago","US","North America"
"GE-CIX (GE-CIX)","602","http://www.ge-cix.net/","Zurich","CH","Euro-IX"
"GetaFIX","11389","getafix.ph","Manila","PH","APIX"
"GetaFIX Cebu","90786","","","","APIX"
"GetaFIX Davao","90787","","","","APIX"
"GIBIRIX (GIBIRNETIX)","75550","","Istanbul","TR","Euro-IX"
"Giganet (Giganet)","228","http://giganet.ua/","kiev","UA","Euro-IX"
"Giganet Frankfurt","85104","http://giganet.ua/en","","DE","Euro-IX"
"Giganet IXN Amsterdam","90747","","","",""
"GigaNET Kharkov","81123","http://giganet.ua/en","Kharkov","UA","Euro-IX"
"GigaNET Lviv","81127","https://giganet.ua/uk","Lviv","UA","Euro-IX"
"GigaNET Odessa","81125","http://giganet.ua/en","Odessa","UA","Euro-IX"
"GigaNET Warsaw","81124","http://giganet.ua/en","Warsaw","PL","Euro-IX"
"GigaNET Zaporizhia","81126","https://giganet.ua/en","Zaporizhia","UA","Euro-IX"
"GigaPIX - LAN 1","17","http://www.gigapix.pt","Lisbon","PT","Euro-IX"
"GigaPIX - LAN 2","90734","","","",""
"GigaPIX - Oporto","90733","","","",""
"GIX","90810","","","","APIX"
"GIX - Accra (Ghana Internet Exchange)","108","http://www.gixa.org.gh/","Accra","GH","AFIX"
"GIX (Gothenburg Internet Exchange)","169","http://www.gix.se/","Gothenburg","SE","Euro-IX"
"GIX Cebu","90847","","","","APIX"
"GIX Gdansk (Gdansk Internet eXchange)","461","http://www.gix.gda.pl","Gdansk","PL","Euro-IX"
"Global-IX","553","http://www.global-ix.ru/en/","Saint Petersburg","RU","Euro-IX"
"GlobalIXP","90909","","","","Euro-IX"
"GLV-IX (Government of Latvia Internet Exchange)","78340","https://glv-ix.lv/customer/details","Riga","LV","Euro-IX"
"GOMIX (Goma Exchange Point)","74838","http://www.ispa-drc.cd/","Goma","CD","AFIX"
"GOREX","90795","","","","APIX"
"GPC Missouri (Great Plains Connect)","83303","https://greatplains.io","North Kansas City","US","North America"
"GR-IX::Athens (Greek Internet Exchange)","11338","http://www.gr-ix.gr/","Athens","GR","Euro-IX"
"GR-IX::Thessaloniki (Greek Internet Exchange)","11339","http://www.gr-ix.gr/","Athens","GR","Euro-IX"
"GraX (Grazer Internet Exchange )","376","http://www.grax.at/","Graz","AT","Euro-IX"
"GREX (Grenada Internet Exchange)","518","https://ixgd.wordpress.com","St. George's","GD","LAC-IX"
"Grunn-IX","81698","https://grunn-ix.nl/","Groningen","NL","Euro-IX"
"GTIIX (Greater Toronto IIX)","463","","Toronto","CA","North America"
"GTIX LAN 1 (Guatemala Internet Traffic Exchange Point)","69795","www.ixp.gt","Guatemala","GT","LAC-IX"
"GU-IX (Guam Internet Exchange)","459","http://www.gu-ix.net/","Hag??t??a","GU","APIX"
"Guyanix (Guyana Internet Exchange Point)","508","https://www.renater.fr/","Cayenne","GY","LAC-IX"
"HAM (DE-CIX Hamburg)","51","https://www.de-cix.net/locations/hamburg","Hamburg","DE","Euro-IX"
"Hamro Internet eXchange","71375","https://ix.hamro.net/","SundarHaraicha","NP",""
"HamroIX-Rome","90801","","","","Euro-IX"
"Harare IX (Harare Internet Exchange)","717","http://www.hix.org.zw","Harare","","AFIX"
"HFXIX (Halifax Internet Exchange)","630","https://hfxix.ca/","Halifax","CA","North America"
"HIX - Hamilton (Hamilton Internet Exchange)","243","http://nzix.net/","Hamilton","NZ","APIX"
"HIX - Honolulu (Hawaii Internet Exchange)","256","http://www.hawaii.edu/hix/Hawaii_Internet_Exchange/Home.html","Honolulu","US","North America"
"HKIX (Hong Kong Internet Exchange)","173","http://www.hkix.net/hkix/main.htm","Hong Kong","HK","APIX"
"Houston Internet Exchange (HOUIX)","69612","http://www.houix.net","Houston, TX","US",""
"Houston-IX (Ninja-IX)","71884","http://www.housoin-ix.net","","US","North America"
"HSIX APAC (HackerSpace Networking - Oceania)","78512","3414","Sydney","AU","APIX"
"HSIX NSW (HackerSpace Networking - Sydney, NSW)","78508","https://www.hackerspace.net.au","Sydney","AU","APIX"
"HSIX NZ (HackerSpace Networking - Auckland, NZ)","78513","https://www.hackerspace.net.au3408","Auckland","NZ","APIX"
"HSIX QLD (HackerSpace Networking - Brisbane, QLD)","78507","https://www.hackerspace.net.au","Brisbane","AU","APIX"
"HSIX SA (HackerSpace Networking - Adelaide, SA)","78511","https://www.hackerspace.net.au","Adelaide","AU","APIX"
"HSIX VIC (HackerSpace Networking - Melbourne, VIC)","78509","https://www.hackerspace.net.au","Melbourne","AU","APIX"
"HSIX WA (HackerSpace Networking - Perth, WA)","78510","https://www.hackerspace.net.au","Perth","AU","APIX"
"HTN-IX (Cambodia Internet Exchange)","197","http://www.htnetworks.com.kh/","Phnom Penh","KH","APIX"
"Huntsville-IX (Ninja-IX)","74157","http://ninja-ix.net","Huntsville","US","North America"
"iAIX  (iAdvantage Internet Exchange)","367","http://www.iadvantage.net","Hong Kong","HK","APIX"
"ICX Dubai (International Cloud Xchange Dubai)","77698","https://www.icxglobal.net","Dubai","AE","APIX"
"ICX Mumbai (International Cloud Xchange Mumbai)","77699","https://www.icxglobal.net","Mumbai","IN","APIX"
"ICX Muscat (International Cloud Xchange Muscat)","77701","https://www.icxglobal.net","Muscat","AE","Euro-IX"
"ICX Queretaro (International Cloud Xchange Queretaro)","77700","https://www.icxglobal.net","Queretaro","US","North America"
"ICX Santiago","78399","https://www.icxglobal.net","Santiago","CO","LAC-IX"
"ICX Seoul (International Cloud Xchange Seoul)","77702","https://www.icxglobal.net","Seoul","KR","APIX"
"ICX Taipei (International Cloud Xchange Taipei)","77703","https://www.icxglobal.net""","Taipei","TW","APIX"
"ICX Vienna","78398","https://www.icxglobal.net","Vienna","AT","Euro-IX"
"ICX-IX Delhi (International Cloud Xchange Delhi)","77697","https://www.icxglobal.net","Delhi","IN","APIX"
"IF-IX (Ivano-Frankivsk Internet Exchnage)","713","","","UA","Euro-IX"
"IIX - Tel Aviv (Israeli Internet eXchange)","175","http://www.isoc.org.il/iix/2x.html","Tel-Aviv","IL","Euro-IX"
"IIX Estonia","78514","http://iix.ee","Tallinn","EE","Euro-IX"
"IIX Jakarta","174","http://www.iix.net.id/","Jakarta","ID","APIX"
"IIX Jawa Timur","82073","https://ji.iix.net.id","Surabaya","ID","APIX"
"IIX-Bali (Bali Internet eXchange )","82068","https://www.iix.net.id/","Denpasar","ID","APIX"
"IIX-Banten","82074","http://banten.apjii.or.id","Serang","ID","APIX"
"IIX-Jabar","82069","https://www.iix.net.id","Bandung","ID","APIX"
"IIX-Jambi","90777","","","",""
"IIX-Jateng (Jawa Tengah Internet eXchange)","82072","https://jateng.apjii.or.id","Semarang","ID","APIX"
"IIX-Jogja","90773","","","",""
"IIX-Lampung","82071","http://lampung.apjii.or.id","Bandar Lampung","ID","APIX"
"IIX-Rimba-1","90774","","","",""
"IIX-Rimba-2","90772","","","",""
"IIX-Sulampua","90775","","","",""
"IIX-Sumsel","90776","","","",""
"IIX-Sumut","82070","https://www.iix.net.id","Medan","ID","APIX"
"INEX Cork (Internet Neutral Exchange Association Limited by Guarantee)","614","https://www.inex.ie/","Cork","IE","Euro-IX"
"INEX LAN1 (Internet Neutral Exchange Association Limited by Guarantee)","28","https://www.inex.ie/","Dublin","IE","Euro-IX"
"INEX LAN2 (Internet Neutral Exchange Association Limited by Guarantee)","613","https://www.inex.ie/","Dublin","IE","Euro-IX"
"Infrastructure #1 (Free IX)","74032","https://free-ix.net/","R??mlang","CH","Euro-IX"
"INIXP Asia (INIXP Team)","86373","https://ixpmanager.rpd.ne.jp/customer/details","Tokyo","JP",""
"InterAUS (InterAUS Adelaide: Australia Community Internet Exchange)","69020","https://interaus.com.au","","AU","APIX"
"InterAUS Brisbane (InterAUS Brisbane: Australia Community Internet Exchange)","69021","https://interaus.com.au","","AU","APIX"
"InterAUS Canberra (InterAUS Canberra: Australia Community Internet Exchange)","69022","https://interaus.com.au","","AU","APIX"
"InterAUS Hobart (InterAUS Hobart: Australia Community Internet Exchange)","69023","https://interaus.com.au","","AU","APIX"
"InterAUS Melbourne (InterAUS Melbourne: Australia Community Internet Exchange)","69019","https://interaus.com.au","","AU","APIX"
"InterAUS Perth (InterAUS Perth: Australia Community Internet Exchange)","69024","https://interaus.com.au","","AU","APIX"
"InterAUS Sydney (InterAUS Sydney: Australia Community Internet Exchange)","68918","https://interaus.vnpdigital.com","","AU","APIX"
"InteRed LAN1 (InteRed)","16802","http://intered.org.pa/intered/","Ciudad de Panam??","PA","LAC-IX"
"InterIX (InterIX)","81993","https://www.inter-ix.net/","Amsterdam","NL","Euro-IX"
"InterLAN Internet Exchange (Interlan IX)","44","http://www.interlan.ro/?lang=en","Bucharest","RO","Euro-IX"
"IRAQ-IXP","86387","","","",""
"irix Internet Exchange","85983","","","","APIX"
"ISPAB-NIX","90806","","","","APIX"
"IST (DE-CIX Istanbul)","113","https://www.de-cix.net/en/locations/istanbul","Istanbul","TR","Euro-IX"
"ISTIX (Istanbul Internet Exchange)","72131","https://www.istix.com.tr","Istanbul","TR","Euro-IX"
"IX AndeSpark Per??","91863","https://andespark-ixp.net/","Huancayo","PE","LAC-IX"
"IX Birmingham","83031","https://www.proximitydatacentres.com","Birmingham","GB",""
"IX Kolkata (IIFON IX Kolkata)","120","","Kolkata","IN","APIX"
"IX Liverpool - Baltic Bubble","90761","","","",""
"IX Liverpool (IX Liverpool)","133","http://www.ixliverpool.net","Liverpool","GB","Euro-IX"
"IX Liverpool GRX Peering Exchange (5G)","90763","","","",""
"IX Liverpool Internet of Things LAN","90762","","","",""
"IX Roraima (Internet Exchange Roraima)","68929","https://www.ixrr.com.br","Roraima","BR","LAC-IX"
"IX TELLCORP - Fortaleza","83301","https://tellcorpce.com.br/","Fortaleza","BR","LAC-IX"
"IX-ADL (Adelaide IX)","94326","https://www.megaport.com/","","","APIX"
"IX-AKL (Auckland IX)","548","http://megaport.com","Auckland","NZ","APIX"
"IX-ASH (Ashburn IX)","579","http://megaport.com","Ashburn","US","North America"
"IX-ATL (Atlanta IX)","86685","www.megaport.com","","",""
"IX-BER (Berlin IX)","66","https://www.megaport.com","","DE","Euro-IX"
"IX-BNE (Brisbane IX)","577","http://megaport.com","Brisbane","AU","APIX"
"IX-CDE (IX-CDE)","91864","https://ixcde.com.py/","Ciudad del Este","PY","LAC-IX"
"IX-CHI (Chicago IX)","94327","https://www.megaport.com/","","","North America"
"IX-CLT (Charlotte IX)","86683","https://www.megaport.com/","","",""
"IX-DAL (Dallas IX)","581","http://megaport.com","Dallas","US","North America"
"IX-Denver (Interconnection Exchange Denver)","618","http://ix-denver.org/","Aurora","US","North America"
"IX-DUS (Dusseldorf IX)","97","https://www.megaport.com","","DE","Euro-IX"
"IX-FRA (Frankfurt IX)","99","https://www.megaport.com","","DE","Euro-IX"
"IX-HAM (Hamburg IX)","98","https://www.megaport.com","","DE","Euro-IX"
"IX-LAS (Las Vegas IX)","615","http://megaport.com","Las Vegas","US","North America"
"IX-LAX (Los Angeles IX)","582","http://megaport.com","Los Angeles","US","North America"
"IX-MEL (Melbourne IX)","542","http://megaport.com","Melbourne","AU","APIX"
"IX-MIA (Miami IX)","86686","","","",""
"IX-MUC (Munich IX)","115","https://www.megaport.com","","DE","Euro-IX"
"IX-NN (IX of Nizhny Novgorod)","249","http://www.giport.ru/ixnn","Nizhny Novgorod","RU","APIX"
"IX-NYC (New York IX)","86684","","","",""
"IX-PER (Perth IX)","578","http://megaport.com","Perth","AU","APIX"
"IX-SEA (Seattle IX)","584","http://megaport.com","Seattle","US","North America"
"IX-SIN (Singapore IX)","550","http://megaport.com","Singapore","SG","APIX"
"IX-SJC (Bay Area IX)","94328","https://www.megaport.com/","","","North America"
"IX-SOF (Sofia IX)","718","http://megaport.com","Sofia","BG","Euro-IX"
"IX-SYD (Sydney IX)","546","http://megaport.com","Sydney","AU","APIX"
"IX-TOR (Toronto IX)","551","http://megaport.com","Toronto","CA","North America"
"IX.br Aracaju, SE (SE))","600","http://www.nic.br","Aracaju","BR","LAC-IX"
"IX.br Belem, PA (BEL))","400","http://www.nic.br","Bel??m","BR","LAC-IX"
"IX.br Belo Horizonte, MG (MG))","218","http://www.nic.br","Belo Horizonte","BR","LAC-IX"
"IX.br Boa Vista, RR (RR)","77661","http://ix.br","Boa Vista","BR","LAC-IX"
"IX.br Brasilia, DF (DF))","219","http://www.nic.br","Brasilia","BR","LAC-IX"
"IX.br Campina Grande, PB (CPV))","329","http://www.nic.br","Campina Grande","BR","LAC-IX"
"IX.br Campinas, SP (CAS))","312","http://www.nic.br","Campinas","BR","LAC-IX"
"IX.br Campo Grande, MS (CGR))","68993","http://ix.br3096","Campo Grande","BR","LAC-IX"
"IX.br Cascavel, PR (CAC))","68992","http://ix.br","Cascavel","BR","LAC-IX"
"IX.br Caxias do Sul, RS (CXJ))","398","http://www.nic.br","Caxias do Sul","BR","LAC-IX"
"IX.br Cuiab??, MT (CGB)","485","http://www.nic.br","Cuiab??","BR","LAC-IX"
"IX.br Curitiba, PR (PR))","220","http://www.nic.br","Curitiba","BR","LAC-IX"
"IX.br Florianopolis, SC (SC))","221","http://www.nic.br","Florianopolis ","BR","LAC-IX"
"IX.br Fortaleza, CE (CE))","313","http://www.nic.br","Fortaleza","BR","LAC-IX"
"IX.br Foz do Iguau00e7u, PR (IGU))","585","http://www.nic.br","Foz do Igua??u","BR","LAC-IX"
"IX.br Goiania, GO (GYN))","330","http://www.nic.br","Goiania","BR","LAC-IX"
"IX.br Joao Pessoa, PB (JPA))","16138","http://ix.br/","Jo??o Pessoa","BR","LAC-IX"
"IX.br Lajeado, RS (LAJ))","482","http://www.nic.br","Lajeado","BR","LAC-IX"
"IX.br Londrina, PR (LDA))","267","http://www.nic.br","Londrina","BR","LAC-IX"
"IX.br Maceio, AL (MCZ))","16139","https://nic.br","Macei??","BR","LAC-IX"
"IX.br Manaus, AM (MAO))","397","http://www.nic.br","Manaus","BR","LAC-IX"
"IX.br Maringa, PR (MGF))","483","http://www.nic.br","Maring??","BR","LAC-IX"
"IX.br Natal, RN (NAT))","401","http://www.nic.br","Natal","BR","LAC-IX"
"IX.br Palmas, TO (TO)","77662","","Palmas","BR","LAC-IX"
"IX.br Porto Alegre, RS (RS))","222","http://www.nic.br","Porto Alegre","BR","LAC-IX"
"IX.br Recife, PE (PE))","314","http://www.nic.br","Recife","BR","LAC-IX"
"IX.br Rio Branco","84618","https://www.ix.br/trafego/agregado/ac","Rio Branco","BR","LAC-IX"
"IX.br Rio de Janeiro, RJ (RJ))","223","http://www.nic.br","Rio de Janeiro","BR","LAC-IX"
"IX.br Salvador, BA (BA))","224","http://www.nic.br","Salvador da Bahia","BR","LAC-IX"
"IX.br Santa Maria, RS (RIA))","16140","https://nic.br","Santa Maria","BR","LAC-IX"
"IX.br Sao Jose do Rio Preto, SP (SJP))","396","http://www.nic.br","S??o Jos?? do Rio Preto","BR","LAC-IX"
"IX.br Sao Jose dos Campos, SP (SJC))","334","http://www.nic.br","S??o Jos?? dos Campos","BR","LAC-IX"
"IX.br Sao Luis, MA (SLZ))","16141","https://nic.br","S??o Lu??s","BR","LAC-IX"
"IX.br Sao Paulo, SP (SP))","16142","https://ix.br","S??o Paulo","BR","LAC-IX"
"IX.br Teresina, PI (THE))","16143","https://ix.br","Teresina","BR","LAC-IX"
"IX.br Vitoria, ES (VIX))","399","http://www.nic.br","Vit??ria","BR","LAC-IX"
"ix.kw (Kuwait Internet Exchange)","13365","https://ix.kw","Kuwait City","KW","Euro-IX"
"IX.LODZ.PL (Lodz Telecommunication Node)","520","","Lodz","PL","Euro-IX"
"IX42 Las Vegas (Internet eXchange 42)","69189","https://ix42.org","","US","North America"
"IX42 NYC","90800","","","","North America"
"IX42 Singapore (Internet eXchange 42)","69375","https://ix42.org","Singapore","SG","APIX"
"IXDO (Punto de Intercambio de Internet de la Rep??blica Dominicana)","70037","https://ix.do","Santo Domingo","DO","LAC-IX"
"IXLeeds (Leeds Internet Exchange)","328","http://www.ixleeds.net/","Leeds","GB","Euro-IX"
"IXOR (Internet eXchange point of the Oresund Region)","171","http://www.ixor.se/","Malmoe","SE","Euro-IX"
"IXP CA BEA","90918","","","","North America"
"IXP CDMX (Consorcio para el Intercambio de Trafico A.C. CITI IXP MX)","17603","www.ixp.mx","Ciudad de Mexico","MX","LAC-IX"
"IXP DE NUR","90914","","","","Euro-IX"
"IXP Ecuador - MEC","16837","https://www.ixp.ec/","Manta","EC","LAC-IX"
"IXP Ecuador - STD","16838","http://www.ixp.ec/","Santo Domingo","EC","LAC-IX"
"IXP FI HEL","90911","","","","Euro-IX"
"IXP LI VAD","90915","","","","Euro-IX"
"IXP NL DRO","90913","","","","Euro-IX"
"IXP UK LON","90912","","","","Euro-IX"
"IXP US FRE","90916","","","","North America"
"IXP-MegaLink (IXP MegaLink)","438","http://www.megalink.com/ixp/","La Paz","BO","LAC-IX"
"IXP-MTY (NIX NETWORK)","96364","https://portal.nixnetwork.mx","Monterrey","MX","LAC-IX"
"IXP-PR","81696","https://ixp-pr.com/","Carolina","US","North America"
"IXP.ge","90807","","","","Euro-IX"
"IXP.Mk","12568","v","skopje","MK","APIX"
"IXPlay Espa??a","76182","https://www.ixplay.es","Madrid","ES","Euro-IX"
"IXPlay Paris","80013","https://ixplay.es","Paris","FR","Euro-IX"
"IXPMOE (IXPMOE Internet Exchange Point)","71442","http://ixp.moe","Zhuhai","CN","APIX"
"IXPN_ABUJA (INTERNET EXCHANGE POINT OF NIGERIA)","73840","https://ixp.net.ng","Abuja","NG","AFIX"
"IXPN_KANO (INTERNET EXCHANGE POINT OF NIGERIA)","73839","https://ixp.net.ng","Kano","NG","AFIX"
"IXPN_PHC (INTERNET EXCHANGE POINT OF NIGERIA)","73841","https://ixp.net.ng","Port Harcourt","NG","AFIX"
"IXPN-LOS (INTERNET EXCHANGE POINT OF NIGERIA)","62","http://www.ixp.net.ng","LAGOS","NG","AFIX"
"IXPY LAN 1 (Punto de Intercambio de Internet del Paraguay)","17504","http://ix.py","San Lorenzo","PY","LAC-IX"
"IXRR (IXRR Internet Exchange Amazonas)","81137","https://www.ixrr.com.br/","Manaus","BR","LAC-IX"
"IXSal (Punto de Intercambio de Tr??fico de Internet de El Salvador)","74652","https://ixsal.sv","San Salvador","SV","LAC-IX"
"IXSY (Internet Exchange Services Yucatan)","70034","http://ixsy.org.mx","Yucat??n","MX",""
"Jacksonville-IX (Ninja-IX)","81437","http://ninja-ix.net","Jacksonville","US","North America"
"JasTel Internet Exchange (JTIX)","69610","http://www.jastel.co.th/","Bangkok","TH",""
"JEDIX","16653","https://www.jedix.net","Jeddah","SA","Euro-IX"
"JHB (DE-CIX Johor Bahru)","13618","https://www.de-cix.net/locations/johor-bahru","","MY","APIX"
"JinIX (Jinom Internet Exchange)","72718","https://jnms.jinom.net/","Gianyar","ID",""
"JINX Voice","90726","","","",""
"JKT-IX","90728","","","",""
"JKT-IX Bali","90730","","","",""
"JKT-IX Surabaya","90729","","","",""
"Johannesburg Internet Exchange Point (INX)","73","http://www.inx.net.za","Johannesburg","ZA","AFIX"
"JPIX - FUKUOKA (Japan Internet Exchange - Fukuoka)","77410","http://www.jpix.ad.jp/en/","FUKUOKA","JP","APIX"
"JPIX - Osaka (Japan Internet Exchange - Osaka)","182","http://www.jpix.ad.jp/","Osaka","JP","APIX"
"JPIX - Tokyo (Japan Internet Exchange - Tokyo)","138","http://www.jpix.ad.jp/","Tokyo","JP","APIX"
"JPNAP Fukuoka","78163","https://www.jpnap.net/","Fukuoka","JP","APIX"
"JPNAP Osaka","183","http://www.jpnap.net/","Osaka","JP","APIX"
"JPNAP Sendai/Sapporo","78248","https://www.jpnap.net/","Sendai","JP","APIX"
"JPNAP Tokyo","71","http://www.jpnap.net/","Tokyo","JP","APIX"
"JumboIX Cyprus","90735","","","",""
"JumboIX Peru","74164","https://www.iptp.com/es_ES/jumbo-internet- > exchange/jumboix-peru-pricing-plans/","Lima","PE",""
"JXIX (Jacksonville Internet Exchange)","428","http://jxix.org/","Jacksonville","US","North America"
"Kampala 1 (Uganda Internet Exchange Point)","161","http://uixp.co.ug/","Kampala","UG","AFIX"
"KAZ-IX (Kazakhstan Traffic Exchange)","245","http://www.kaz-ix.kz/web/","Almaty","KZ","Euro-IX"
"KAZNIX LAN1 (KazNIX)","14833","https://kaznix.kz","Semey","KZ","Euro-IX"
"KCIX Kansas City (Kansas City Internet Exchange)","275","http://www.kcix.net/","Kansas City","US","North America"
"Kenya Internet Exchange Point - Nairobi Icolo","73747","https://www.tespok.co.ke","Nairobi","KE","AFIX"
"KG-IX Bishkek","90811","","","","Euro-IX"
"Kherson Traffic Exchange (Kherson Traffic Exchange Point)","689","https://ix.ks.ua/","Kherson","UA","Euro-IX"
"KINIX (KINshasa Internet eXchange point)","259","http://www.ispa-drc.cd/","Kinshasa","CD","AFIX"
"KINX - Seoul (Korea Internet Neutral Exchange)","148","https://www.kinx.net/?lang=en","Seoul","KR","APIX"
"KIVIX (Chisinau Internet Exchange)","651","http://www.trabia.com","Chisinau","MD","Euro-IX"
"KIXP ADC Nairobi (Kenya Internet Exchange Point)","106","http://www.kixp.or.ke/","Nairobi","KE","AFIX"
"KIXP Icolo Mombasa (Kenya Internet Exchange Point)","16263","https://www.tespok.co.ke/","Nairobi","KE","AFIX"
"KIXP PAIX Nairobi (Kenya Internet Exchange Point)","73843","https://www.tespok.co.ke/","Nairobi","KE","AFIX"
"KleyReX (KleyReX Internet Exchange)","151","http://www.kleyrex.net","Frankfurt am Main","DE","Euro-IX"
"KM-IX (Khmelnytskiy Internet Exchange)","417","http://ix.km.ua/","Khmelnytskiy","UA","Euro-IX"
"KOSIX (Kosovo Internet Exchange Point)","402","http://www.kosix.net/","Prishtin??","xk","Euro-IX"
"Kremen-IX","71335","https://kremen-ix.net.ua","Kremenchuk","UA","Euro-IX"
"KRIX(SEJONG)","90813","","","","APIX"
"KSKB-IX","81140","https://ix.kskb.eu.org","Taipei City","TW","APIX"
"KUL (DE-CIX Kuala Lumpur)","72297","https://www.de-cix.net/locations/kuala-lumpur","Singapore","SG","APIX"
"kzn-ix (KZN-IX public peering VLAN)","323","http://www.msk-ix.ru/","Kazan","RU","Euro-IX"
"LabIX","84946","https://ix.labitat.dk/","","","Euro-IX"
"Lambda-IX (Lambda Internet Exchange (MTU 1500))","75054","https://lambda-ix.net/","Fremont","US","North America"
"LasVegas (Ninja-IX)","71888","http://www.vegas-ix.net","Las Vegas, NV","US","North America"
"Lillix (Lille Internet Exchange)","439","http://www.lillix.fr/","Lille","FR","Euro-IX"
"LINX LON1 (LINX LON1)","7","https://www.linx.net/","London","GB","Euro-IX"
"LINX LON2 (LINX LON2)","572","https://www.linx.net/","London","GB","Euro-IX"
"LINX Manchester (LINX Manchester)","377","https://www.linx.net/","Manchester","GB","Euro-IX"
"LINX Nairobi","81935","","Nairobi","KE","AFIX"
"LINX NoVA (LINX NoVA)","437","https://www.linx.net/","Ashburn","US","North America"
"LINX Scotland (LINX Scotland)","423","https://www.linx.net/","Edinburgh","GB","Euro-IX"
"LINX Wales (LINX Wales)","525","https://www.linx.net/","Cardiff","GB","Euro-IX"
"LIONEX-LAN1 (Lilongwe Open Neutral Internet Exchange)","91102","","Lilongwe","MW","AFIX"
"LIPTAM (Lietuvos Interneto paslaug?? tiek??j?? apsikeitimo mazgu)","456","http://is.lt","Vilnius","LT","Euro-IX"
"LIS (DE-CIX Lisbon)","13792","https://www.de-cix.net/locations/lisbon","Lisbon","PT","Euro-IX"
"LIS-IX","88118","https://ixp.pt","Lisbon","PT","Euro-IX"
"litix (Lithuanian Internet exchange)","467","http://www.lixp.lt","Vilnius","LT","Euro-IX"
"LIX - Latvia (Latvian Internet eXchange)","154","http://www.lix.lv/","Riga","LV","Euro-IX"
"LNK-IX (LNK Internet Exchange)","13384","https://www.lnk-ix.net/","switch1","RO","Euro-IX"
"LocIX (LOCIX Internet Exchange Frankfurt)","15838","https://locix.online/","Frankfurt","","Euro-IX"
"LocIX D??sseldorf (LocIX Internet Exchange D??sseldorf)","24916","https://locix.online","D??sseldorf","DE","Euro-IX"
"LocIX Netherlands (LocIX Netherlands)","15806","https://locix.online/netherland.html","","NL","Euro-IX"
"LONAP Multicast","90721","","","",""
"LONAP Network (LONAP Ltd.)","26","https://www.lonap.net","London","GB","Euro-IX"
"LSIX Netherlands (LayerSwitch Internet Exchange)","670","https://www.datafacilities.nl","Amsterdam","NL","Euro-IX"
"LU-CIX (LU-CIX Luxembourg Internet Exchange)","143","http://www.lu-cix.lu/","Bettembourg","LU","Euro-IX"
"LUBIX (Lubumbashi internet exchange point)","74836","http://www.ispa-drc.cd","Lubumbashi","CD","AFIX"
"LuIXP (Lusaka Internet Exchange Point)","83826","http://lusakaixp.co.zm","Lusaka","ZM","AFIX"
"MAD (DE-CIX Madrid)","458","https://www.de-cix.net/locations/madrid","Madrid","ES","Euro-IX"
"Madison-IX (Ninja-IX)","81441","http://ninja-ix.net","Madison","US","North America"
"MadIX (Madison Internet eXchange Peering Point)","315","http://kb.wisc.edu/ns/page.php?id=6636","Madison","US","North America"
"MAE - Central (MAE - Central)","341","http://www.mae.net/fac/mae-central.htm","Dallas and Chicago","US","North America"
"Manama IX","90814","","","","Euro-IX"
"ManxIX","71854","https://manxix.im/index.html","Douglas","IM","Euro-IX"
"MARIIX (Mariana Islands Internet Exchange)","58555","https://mariix.net","","","APIX"
"Mario IX","82004","https://ix.mario.gdn","Elche","ES","Euro-IX"
"MASS IX (MASS IX)","642","http://www.towardex.com","Boston","US","North America"
"MAY (DE-CIX Malaysia)","72298","https://www.de-cix.net/locations/malaysia","Singapore","SG","APIX"
"MBIX","416","http://www.mbix.ca/","Winnipeg","CA","North America"
"MCA (MEX-IX McAllen)","721","http://www.asteroidhq.com","McAllen","US","North America"
"MCIX (Matrix Cable Internet eXchange)","460","http://www.nap.net.id","Jakarta","ID","APIX"
"MD-IX (Moldova Internet Exchange)","326","http://www.moldtelecom.md/en/operators/exchange/","Chisinau","MD","Euro-IX"
"MegaIX Denver","86687","","","",""
"Memphis-IX (Ninja-IX)","78505","http://www.Ninja-ix.net/","Memphis","US","North America"
"MEX-IX El Paso","83299","https://mdcdatacenters.com/","El Paso","US","North America"
"MGIX (Madagascar Global Internet eXchange)","676","http://www.mgix.mg","Antananarivo","MG","AFIX"
"MGMix (Montgomery Internet Exchange)","652","http://www.mgmix.net/","Montgomery","US","North America"
"MI-IX","90796","","","","North America"
"MiamiIX (Miami Internet Peering Exchange)","632","http://www.miamiix.net","Miami","US","North America"
"Miaowoo Ashburn (Miaowoo Internet Exchange Ashburn)","83300","https://ix.wjy.me","Ashburn","US","North America"
"MICE (Midwest Internet Cooperative Exchange)","369","http://www.micemn.net","Minneapolis","US","North America"
"MidWest-IX - Cleveland","16122","http://www.fd-ix.com/","","","North America"
"MidWest-IX - Indy","621","http://www.midwest-ix.com/","Indianapolis","US","North America"
"MidWest-IX - St. Louis","16123","http://www.midwest-ix.com/","","","North America"
"MINAP (Milan Neutral Access Point)","227","https://www.minap.it/","Milano","IT","Euro-IX"
"Minneapolis-IX (Ninja-IX)","81440","http://ninja-ix.net","Minneapolis","US","North America"
"MIX - Manila (Manila Internet Exchange)","350","http://www.easterntelecom.com.ph/Products/index.asp?ID=39&MCID=3","Manila","PH","APIX"
"MIX (Malawi Internet Exchange)","263","http://www.mispa.org.mw/mix.html","Blantyre","MW","AFIX"
"MIX (Malta internet Exchange)","155","http://www.mix.net.mt/","Msida","MT","Euro-IX"
"MIX (Matrix Internet Exchange)","81700","http://www.napinfo.co.id","Jakarta","ID","APIX"
"MIX Bologna (Milan Internet Exchange)","77704","https://www.mix-it.net","Bologna","IT","Euro-IX"
"MIX Palermo (Milan Internet Exchange)","83795","https://www.mix-it.net","Palermo","IT","Euro-IX"
"MIX Roma (Milan Internet Exchange)","90745","","Roma","IT",""
"MIX-IT (Milan Internet Exchange)","67","http://www.mix-it.net/","Milano","IT","Euro-IX"
"mixp (Mauritius Internet eXchange Point)","529","http://www.mixp.org","Ebene City","MU","AFIX"
"MIXP.me","124","http://www.mixp.me/eng/","Podgorica","ME","Euro-IX"
"MKEIX (Milwaukee Internet Exchange)","429","http://www.mkeix.net/","Milwaukee","US","North America"
"MMIX Mandalay","90785","","","","APIX"
"MMIX Yangon","83294","https://mmix.net.mm","Yangon","MM","APIX"
"MoeIX FSN","80012","https://ix.moebee.net","Falkenstein","DE","Euro-IX"
"MonctonIX (Moncton Internet Exchange)","16931","https://aixp.ca","Moncton, New Brunswick","CA",""
"MOZ-IX (Mozambique Internet Exchange Point )","371","http://www.mozix.org.mz/english/join_to.htm","Maputo","MZ","AFIX"
"MRS (DE-CIX Marseille)","111","https://www.de-cix.net/locations/marseille","Marseilles","FR","Euro-IX"
"msk-ix (MSK-IX public peering VLAN)","21","http://www.msk-ix.ru/","Moscow","RU","Euro-IX"
"MUC (DE-CIX Munich)","57","https://www.de-cix.net/locations/munich","Munich","DE","Euro-IX"
"MusicCity-IX (Ninja-IX)","72011","http://www.Ninja-ix.net/","","US","North America"
"MVIXP (Maldives Internet Exchange)","82077","https://mvixp.org/","Male'","MV","APIX"
"MWestIX (Mountain West Internet Exchange)","81995","https://www.mwestix.net/","Salt Lake City","US","North America"
"MyIX  (Malaysia Internet Exchange)","242","http://www.myix.gov.my/","Kuala Lumpur","MY","APIX"
"MYNAP","90848","","","","APIX"
"N-IX (Nurnberger Internet eXchange)","152","http://www.n-ix.net/","Nurnberg","DE","Euro-IX"
"Naissix","86780","https://naissix.net/","","",""
"Namex Bari IXP (Namex IXP)","78743","https://bari.namex.it/","Bari","IT","Euro-IX"
"Namex Napoli","82252","https://www.namex.it/","Napoli","IT","Euro-IX"
"Namex Roma IXP (Namex IXP)","25","https://www.namex.it/","Roma","IT","Euro-IX"
"NAP Chile (NAP Chile)","225","http://www.nap.cl/index.html","Santiago","CL","LAC-IX"
"NAP Colombia (NAP Colombia)","147","http://www.nap.com.co/","Bogota","CO","LAC-IX"
"NAP VE (NAP VE)","94639","https://www.nap.com.ve","Caracas","VE","LAC-IX"
"NAP.EC Guayaquil (NAP Ecuador by AEPROVI)","269","http://www.nap.ec","Guayaquil","EC","LAC-IX"
"NAP.EC Quito (NAP Ecuador by AEPROVI)","217","http://www.nap.ec","Quito","EC","LAC-IX"
"NAP.Peru (NAP.Peru)","226","http://www.nap.pe","Lima","PE","LAC-IX"
"NAPAfrica IX Cape Town (NAPAfrica)","616","http://www.napafrica.net","Cape Towm","ZA","AFIX"
"NAPAfrica IX Durban (NAPAfrica)","617","http://www.napafrica.net","Durban","ZA","AFIX"
"NAPAfrica IX Johannesburg (NAPAfrica)","76","http://www.napafrica.net","Johannesburg","ZA","AFIX"
"NAPAfrica MAPS Cape Town","81131","https://www.napafrica.net","Cape Town","ZA","AFIX"
"NAPAfrica MAPS Johannesburg","71162","https://www.napafrica.net","Johannesburg","ZA","AFIX"
"NASA-AIX (NASA Ames Internet eXchange)","370","http://www.nasa.gov/centers/ames","Mountain View","US","North America"
"NashIX (Nashville Internet Exchange)","640","http://www.nashix.net/","Nashville","US","North America"
"National (Hangzhou) New-Type Internet Exchange Point","76366","https://www.nnix.cn/","","",""
"National Internet Exchange Of Afghanistan (NIXA)","11163","nixa.af","Kabul","AF","APIX"
"NCL-IX (NCL-IX)","70900","https://www.ncl-ix.uk/","Newcastle","GB",""
"NDIX (Nederlands-Duitse Internet Exchange)","145","http://www.ndix.net/"," Enschede","NL","Euro-IX"
"NEO-IX (North East Ohio Internet Exchange)","68800","http://www.neo-ix.com","Ohio","US","North America"
"Nephren-IX (Nephren Internet Exchange)","83302","https://ixp.icu","Shijiazhuang","CN","APIX"
"NetIX (NetIX Communications)","85","http://www.netix.net/","","BG","Euro-IX"
"NetIX Greece","90910","","","","Euro-IX"
"Netnod Copenhagen (Netnod Copenhagen)","338","https://www.netnod.se","Copenhagen","DK","Euro-IX"
"Netnod Copenhagen BLUE -- MTU9K","90742","","","",""
"Netnod Gothenburg -- MTU4470","90741","","","",""
"Netnod Gothenburg (Netnod Gothenburg)","166","https://www.netnod.se","Gothenburg","SE","Euro-IX"
"Netnod Helsinki (Netnod Helsinki)","77415","https://www.netnod.se/","Helsinki","FI","Euro-IX"
"Netnod Helsinki GREEN -- MTU9K","90744","","","",""
"Netnod Lulea (Netnod Lulea)","208","https://www.netnod.se","Lulea","SE","Euro-IX"
"Netnod Stockholm (Netnod Stockholm)","13","https://www.netnod.se","Stockholm","SE","Euro-IX"
"Netnod Stockholm BLUE -- MTU1500","90739","","","",""
"Netnod Stockholm BLUE -- MTU4470","90740","","","",""
"Netnod Stockholm GREEN -- MTU4470","90738","","","",""
"Netnod Sundsvall -- MTU4470","90743","","","",""
"Netnod Sundsvall (Netnod Sundsvall)","168","https://www.netnod.se","Sundsvall","SE","Euro-IX"
"New Orleans-IX (Ninja-IX)","81439","http://ninja-ix.net","New Orleans","US","North America"
"NiCE (National Inter Connection Exchange )","384","http://www.openixp.net/","Jakarta","ID","APIX"
"NIX-BD (Noakhali Internet Exchange)","44574","https://www.nixbd.net/","","BD","APIX"
"NIX.CZ (NIX.CZ, z.s.p.o.)","23","http://www.nix.cz/","Praha 3","CZ","Euro-IX"
"NIX.CZ FENIX","90720","","","",""
"NIX.SK (NIX.CZ, z.s.p.o. organizacna zlozka)","105","http://www.nix.cz/","Praha 3","SK","Euro-IX"
"NIX1 (Norwegian Internet eXchange)","27","http://www.uio.no/tjenester/it/nett/fastnett/nix/","Oslo","NO","Euro-IX"
"NIX2 (Norwegian Internet Exchange 2)","165","http://www.uio.no/tjenester/it/nett/fastnett/nix/","Oslo","NO","Euro-IX"
"NIXI - Ahmedabad (National Internet Exchange of India - Ahmedabad)","232","http://nixi.in/","Ahmedabad","IN","APIX"
"NIXI - Bangalore (National Internet Exchange of India - Bangalore)","233","http://nixi.in/","Bangalore","IN","APIX"
"NIXI - Chennai (National Internet Exchange of India - Chennai)","179","http://nixi.in/","Chennai","IN","APIX"
"NIXI - Hyderabad (National Internet Exchange of India - Hyderabad)","234","http://nixi.in/","Hyderabad","IN","APIX"
"NIXI - Kolkata (National Internet Exchange of India - Kolkata)","180","http://nixi.in/","Kolkata","IN","APIX"
"NIXI - Mumbai (National Internet Exchange of India - Mumbai)","178","http://nixi.in/","Mumbai","IN","APIX"
"NIXI - New Delhi (National Internet Exchange of India - New Delhi)","49","http://nixi.in/","Delhi ","IN","APIX"
"NIXI Guwahati","90760","","","",""
"NIXVAL (Neutral Internet Exchange Valencia)","711","https://www.nixval.com/en/","Valencia","ES","Euro-IX"
"NL-ix","36","http://www.nl-ix.net/","The Hague","NL","Euro-IX"
"NL-ix 2","15112","https://www.nl-ix.net/","The Hague","NL","Euro-IX"
"NMBINX","84155","","","","AFIX"
"Norfolk-IX (Ninja-IX)","72106","http://www.ninja-ix.net/","","US","North America"
"NorrNod (NorrNod)","162","http://www.norrnod.se","Umea","SE","Euro-IX"
"Northern New England Neutral Internet Exchange - Maine (Northern New England Neutral Internet Exchange)","10508","http://www.nnenix.net/","Portland","US",""
"NorthIX","84159","https://northix.dk","","",""
"npIX JWL (npIX JWL)","656","http://www.npix.net.np/","Lalitpur","NP","APIX"
"NPIX Putalisadak (Internet Exchange Nepal)","56","http://www.npix.net.np/","Kathmandu","NP","APIX"
"nsk-ix (NSK-IX public peering VLAN)","157","http://www.msk-ix.ru/","Novosibirsk","RU","Euro-IX"
"NSPIXP3","90908","","","","APIX"
"NSW-IX (IX Australia (Sydney NSW))","415","http://www.ix.asn.au/","Sydney","AU","APIX"
"NVIX","84157","https://www.nvix.us","Las Vegas","US","North America"
"NWAX (NWAX)","276","http://www.nwax.net/","Portland","US","North America"
"NWIX - Helena (Northwest Internet Exchange - Helena)","274","http://www.nwix.org/","Helena","US","North America"
"NYC (DE-CIX New York)","88","https://www.de-cix.net/locations/new-york","New York","US","North America"
"NYIIX (New York International IX)","199","http://www.nyiix.net/","New York","US","North America"
"NYIIX Los Angeles","198","https://www.nyiix.net/locations/nyiix-la/","Los Angeles","US","North America"
"NYIIX Philadelphia","16137","https://www.nyiix.net/locations/nyiix-philadelphia/","","US","North America"
"OceanIX","90802","","","","Euro-IX"
"OCIX - Philipsburg (Open Caribbean Internet eXchange)","270","http://www.ocix.net/","Philipsburg","AN","LAC-IX"
"OCIX D??sseldorf (OpenCarrier e.G. Member IX D??sseldorf)","448","http://www.opencarrier.eu/","D??sseldorf","DE","Euro-IX"
"OCIX Frankfurt","90732","","","",""
"ODIX Omadata","83289","https://www.omadata.com/","Surabaya","ID","APIX"
"OGIX-LAN (Ottawa Gatineau Internet Exchange)","16782","https://ogix.ca/","Ottawa","CA","North America"
"OhioIX (Ohio IX)","45705","http://ohioix.net/","Columbus","US",""
"OIX (Oregon Internet Exchange)","306","http://www.oregon-ix.net/","Eugene","US","North America"
"OmahaIX (Omaha Internet Exchange)","430","http://www.omahaix.com","Omaha","US","North America"
"OMSK-IX (Omsk Internet Exchange)","475","http://omsk-ix.ru/","Omsk","RU","Euro-IX"
"Ontario Internet Exchange (Ontario Internet Exchange)","82741","https://www.onix.cx","Toronto","CA","North America"
"OPTIX","90890","","","","North America"
"ORD (DE-CIX Chicago)","70952","https://www.de-cix.net/locations/chicago","Chicago","US","North America"
"OTTIX (Ottawa Internet eXchange)","246","http://www.ottix.net/","Ottawa","CA","North America"
"OuestIX (OuestIX)","552","http://www.ouestix.fr","Nantes","FR","Euro-IX"
"Pacific Wave","305","http://www.pacificwave.net/participants/current/","Los Angeles & Seattle","US","North America"
"PacificIX (PacificIX)","477","http://www.vocus.com.au/pacificix/","Sydney","AU","APIX"
"PaducahIX","71858","https://paducahix.net","Paduch","US","North America"
"Palestine Internet Exchange Point - PSIX","90815","","","","Euro-IX"
"pcix (Piacenza Internet Exchange )","132","https://www.naquadria.it","Piacenza","IT","Euro-IX"
"Peering.cz","425","http://www.peering.cz/en/","Prague","CZ","Euro-IX"
"Pejuang IX (Pejuang Internet Xchange)","82075","http://pix.my.id","Jakarta","ID","APIX"
"Penang IX","85721","https://www.de-cix.net/en/locations/penang","","","APIX"
"PERM-IX (Perm traffic exchange point)","72466","https://perm-ix.ru/","Perm","RU","Euro-IX"
"Peru IX (PIT Peru sac) - Chiclayo","81996","http://www.peruix.net","Chiclayo","PE","LAC-IX"
"Peru IX (PIT Peru sac) - Cuzco","81997","http://www.peruix.net","Cuzco","PE","LAC-IX"
"Peru IX (PIT Peru sac) - Huancayo","84162","https://peruix.net/peering-en-el-peru-ix-pit-peru-sac-huancayo/","","","LAC-IX"
"Peru IX (PIT Peru sac) - Lima","16933","http://www.pitperu.net/","Lima","PE","LAC-IX"
"Peru IX (PIT Peru sac) - Piura","90789","","","","LAC-IX"
"Peru IX (PIT Peru sac) - Tacna","84161","https://peruix.net/peering-en-el-peru-ix-pit-peru-sac-tacna/","","","LAC-IX"
"Peru IX (PIT Peru sac) - Trujillo","90788","","","","LAC-IX"
"Peru IX (PIT Peru) - Arequipa","72706","www.peruix.net","Arequipa","PE","LAC-IX"
"PhillyIX (Philadelphia Internet Exchange)","10561","http://phillyix.net","Philadelphia","US","North America"
"Phoenix-IX (Ninja-IX)","316","http://phoenix-ix.net/","Phoenix","US","North America"
"PHOpenIX (Philippines Open Internet Exchange)","284","http://www.phopenix.net/","Manilla","PH","APIX"
"PIE Karachi","88857","http://khi.de-cix.net","Karachi","PK",""
"PIPE Networks Adelaide (PIPE Networks Adelaide)","360","http://www.pipenetworks.com","Adelaide","AU","APIX"
"PIPE Networks Brisbane (PIPE Networks Brisbane)","361","http://www.pipenetworks.com","Brisbane","AU","APIX"
"PIPE Networks Canberra (PIPE Networks Canberra)","362","http://www.pipenetworks.com","Canberra","AU","APIX"
"PIPE Networks Hobart (PIPE Networks Hobart)","363","http://www.pipenetworks.com","Hobart","AU","APIX"
"PIPE Networks Melbourne (PIPE Networks Melbourne)","364","http://www.pipenetworks.com","Melbourne","AU","APIX"
"PIPE Networks Sydney (PIPE Networks Sydney)","365","http://www.pipenetworks.com","Sydney","AU","APIX"
"PIRIX (PIRIX Internet Exchange)","337","http://www.pirix.ru/","St. Petersburg","RU","Euro-IX"
"PIT - Colombia - Barranquilla","81697","https://pitcolombia.net/normas-tecnicas-barranquilla-ix/","Barranquilla","CO","LAC-IX"
"PIT - Colombia - Bogota","81130","https://www.pitcolombia.net","Bogota","CO","LAC-IX"
"PIT - Colombia - Cali","83687","https://pitcolombia.net/","Cali","CO","LAC-IX"
"PIT - Colombia - Medellin","77414","http://www.pitcolombia.net","Medellin","CO","LAC-IX"
"PIT - Ecuador - Quito","83688","http://www.pit.net","Bucaramanga","CO","LAC-IX"
"PIT Arica - PIT Chile","16266","http://www.pitarica.cl/","","","LAC-IX"
"PIT Bolivia LAN 1 (Punto de Intercambio de Trafico PIT Bolivia)","426","http://www.att.gob.bo/index.php/tics/fiscalizacion/430","La Paz","BO","LAC-IX"
"PIT Concepcion - PIT Chile","16267","http://www.pitconcepcion.cl/","","","LAC-IX"
"PIT Honduras","84577","https://www.pithonduras.hn/","","","LAC-IX"
"PIT MX","83292","http://www.pit.mx/","Queretaro","MX","LAC-IX"
"PIT Osorno - PIT Chile","16268","http://www.pitosorno.cl/","","","LAC-IX"
"PIT Santiago - PIT Chile","668","http://www.pitchile.cl","Santiago","CL","LAC-IX"
"PIT Temuco - PIT Chile","16269","http://www.pittemuco.cl/","","","LAC-IX"
"Piter-IX (Piter-IX)","12679","https://piter-ix.ru","","RU","Euro-IX"
"PITER-IX Frankfurt","78046","https://piter-ix.ru","Frankfurt","DE","Euro-IX"
"PITER-IX Helsinki","78049","http://www.piter-ix.ru","Helsinki","FI","Euro-IX"
"PITER-IX Kiev","78048","","Kiev","RU","Euro-IX"
"PITER-IX Moscow","78052","https://piter-ix.ru","Moscow","RU","Euro-IX"
"PITER-IX Riga","78050","https://piter-ix.ue","Riga","LV","Euro-IX"
"PITER-IX Rostov","78047","https://piter-ix.ru","Rostov","RU","Euro-IX"
"PITER-IX Tallin","78051","https://piter-ix.ru","Tallin","EE","Euro-IX"
"Pittsburgh Internet Exchange (Pittsburgh Internet Exchange)","716","https://pit-ix.net/","Pittsburgh","US","North America"
"PIX (Poznan Internet Exchange)","214","http://www.pix.net.pl/","Poznan","PL","Euro-IX"
"PIX Montreal (Peer1 Internet Exchange Montreal)","309","http://www.peer1.com/infrastructure/pix.php","Montreal","CA","North America"
"PIX Palestine (Palestine Internet Exchange)","375","","Ramallah","PS","Euro-IX"
"PIX Toronto (Peer1 Internet Exchange Toronto)","310","http://www.peer1.com/infrastructure/pix.php","Toronto","CA","North America"
"PIX Vancouver (Peer1 Internet Exchange Vancouver)","311","http://www.peer1.com/infrastructure/pix.php","Vancouver","CA","North America"
"PKIX-LAHORE (PKIX-LAHORE)","604","","LAHORE","PK","APIX"
"PMO (DE-CIX Palermo)","110","https://www.de-cix.net/locations/palermo","Palermo","IT","Euro-IX"
"PNG Neutral IX Hagen","78912","http://www.pgix.org.pg/","Mt Hagen","PG",""
"PNG Neutral IX Lae","78911","http://www.pgix.org.pg/","Lae","PG","APIX"
"PNG Neutral IX POM","78910","http://www.pgix.org.pg/","Port Moresby","PG","APIX"
"PNIX - Palmerston North (Palmerston North Internet Exchange)","191","http://nzix.net/","Palmerston North","NZ","APIX"
"PoIX","83290","https://www.poix.sk/","Presov","SK","Euro-IX"
"PR-IX","90808","","","","LAC-IX"
"PTT Roraima","76549","https://ptt.mprr.mp.br/trafego.php","Boa Vista","BR","LAC-IX"
"PyramIX (Pyramids Internet Exchange)","70955","https://pyramix.as207740.net","Cairo","EG","AFIX"
"Qatar Internet Exchange (QIX)","41821","https://www.qix.qa","Doha","QA",""
"QCIX Main (Quad Cities Internet Exchange)","51501","https://www.qcix.net/","Bettendorf","US","North America"
"QIX (Quebec Internet Exchange)","118","http://www.qix.ca","Montreal","CA","North America"
"QLD-IX (IX Australia (Brisbane QLD))","413","http://www.ix.asn.au/","Brisbane","AU","APIX"
"R-iX (Rotterdam Internet eXchange)","209","http://www.r-ix.nl/","Rotterdam","NL","Euro-IX"
"Raleigh-IX (Ninja-IX)","71885","http://ninja-ix.net","Morrisville, NC","US","North America"
"RapidIX LON1 (Inferno Communications)","78043","https://rapidix.net","London","GB","Euro-IX"
"RED-IX (RED-IX (former KRS-IX))","204","http://www.krs-ix.ru/","Krasnoyarsk","RU","Euro-IX"
"Rheintal IX (Rheintal IX)","468","http://www.rheintal-ix.net","Eschen","LI","Euro-IX"
"RIC (DE-CIX Richmond)","75684","https://www.de-cix.net/locations/richmond","Ashland","US","North America"
"Richmond-IX (Ninja-IX)","71886","http://www.richmond-ix.net","Sandston, VA","US","North America"
"RINEX (Rwanda Internet Exchange)","339","http://www.rinex.org.rw/","Kigali","RW","AFIX"
"RIX (Reykjavik Internet Exchange)","40","https://www.rix.is/english","Reykjavik","IS","Euro-IX"
"rix-ix (RIX-IX public peering VLAN)","677","http://www.msk-ix.ru/","Riga","LV","Euro-IX"
"rnd-ix (RND-IX public peering VLAN)","237","http://www.msk-ix.ru/","Rostov on Don","RU","Euro-IX"
"RoCix","37580","https://rocix.hat.cx/","","RO","Euro-IX"
"ROIX (RomandIX)","68930","https://www.romandix.ch/en/home/","Lausanne","CH","Euro-IX"
"RoNIX (Romanian Network for Internet eXchange)","24","http://www.ronix.ro","Bucharest","RO","Euro-IX"
"ROPN-IX (Romanian Open Internet Exchange)","69017","https://www.ropnix.com","Bucharest","RO","Euro-IX"
"Rottweiler Internet Exchange","90917","","","","Euro-IX"
"RTIX (Tallinn Governmental Internet Exchange)","466","http://www.rtix.ee/rtix/","Tallin","EE","Euro-IX"
"RUDAKI-IX (RUDAKI INTERNET EXCHANGE)","76178","http://rudaki-ix.net/","Kyiv","UA","Euro-IX"
"S3C Datacenter (TurkIX Internet Exchange Point)","84617","https://www.turkix.com.tr","Sofia","BG","Euro-IX"
"SA-IX (IX Australia (Adelaide SA))","412","http://www.ix.asn.au/","Adelaide","AU","APIX"
"Saarcix","73951","https://www.saarcix.de","Saarbr??cken","DE","Euro-IX"
"Sacramento-IX (Ninja-IX)","71887","http://www.sacramento-ix.net","Sacramento, CA","US","North America"
"SAIX (Salzburg Internet eXchange)","107","","Salzburg","AT","Euro-IX"
"SAIX Saudi Arabia Jeddah","82076","https://saix.sa","Thuwal","SA","Euro-IX"
"SAIX Saudi Arabia Riyadh","15602","https://saix.sa","Riyadh","SA","Euro-IX"
"San Diego-IX (Ninja-IX)","74158","http://ninja-ix.net","San Diego","US","North America"
"Santa Clara-IX (Ninja-IX)","81435","http://ninja-ix.net","Santa Clara","US","North America"
"Santiago Internet Exchange (STIX)","85866","https://stix.do","La Vega","DO",""
"SBG-IX","82666","https://sbg-ix.net","Strasbourg","FR","Euro-IX"
"SBH-IX (SBH-IX)","81133","http://sbh-ix.fr/","Saint Barth??lemy","FR","North America"
"SBIX FRE","90798","","","","North America"
"SBIX LON","81128","https://www.securebit.ch/internet/exchange","London","GB","Euro-IX"
"SCL-IX (SCL-IX)","658","https://www.sclix.cl/","Santiago","CL","LAC-IX"
"Sea-IX (South Russia IX)","474","http://sea-ix.ru/","Krasnodar","RU","Euro-IX"
"Securebit AG","14843","https://www.securebit.ch","Zurich","CH","Euro-IX"
"Securebit AG","15817","www.securebit.ch","Dusseldorf","DE","Euro-IX"
"SeptemberIX","82253","https://septemberix.com","Amsterdam","NL","Euro-IX"
"SFINX (Service for French Internet eXchange)","39","https://www.renater.fr/","Paris","FR","Euro-IX"
"SFMIX (San Francisco Metropolitan Internet Exchange)","277","http://www.sfmix.org/","Fremont","US","North America"
"SFO-IX (SFO-IX)","647","http://www.milecom.ru","Barnaul","RU","APIX"
"SGIX (Singapore Internet Exchange)","74","www.sgix.sg","Singapore","SG","APIX"
"SIBIR-IX (SIBIR-IX)","623","http://www.sibir-ix.ru","Krasnoyarsk","RU","Euro-IX"
"SIEX (Southern Internet Exchange)","73153","https://c1vhosting.it/siex/","Rome","IT","Euro-IX"
"SIOUIX (Sioux City Internet eXchange)","83825","http://www.siouix.net","Siouix City","US","North America"
"SIX - Ko??ice (Slovak Internet eXchange - Ko??ice)","112","http://www.six.sk/","Ko??ice","SK","Euro-IX"
"SIX (Slovenian Internet Exchange)","35","http://www.arnes.si/infrastructure/six-slovenian-internet-exchange/","Ljubljana","SI","Euro-IX"
"SIX (Super Internet eXchange)","81699","https://superxchange.net","Bogor","ID","APIX"
"SIX Bratislava (Slovak Internet eXchange Bratislava)","103","http://www.six.sk/","Bratislava","SK","Euro-IX"
"SIX Seattle (Jumbo) (Seattle Internet Exchange (MTU 9000))","666","https://www.seattleix.net/","Seattle","US","North America"
"SIX Seattle (Seattle Internet Exchange (MTU 1500))","84","https://www.seattleix.net/","Seattle","US","North America"
"SIX Stavanger (Stavanger Internet Exchange)","255","http://www.uio.no/tjenester/it/nett/fastnett/nix/","Stavanger","NO","Euro-IX"
"SIXP (Serrekunda IXP)","710","http://www.sixp.gm/","Serrekunda","GM","AFIX"
"SIXP (Sudan Internet Exchange Point)","409","www.nic.gov.sd","Khartoum","SD","AFIX"
"SJIX (Saint John Internet Exchange)","16930","https://aixp.ca","New Brunswick","CA",""
"SKNIX","80165","https://sknix.kn","Basseterre","KN","North America"
"SkyIX HK (SkyIX Hong Kong)","69107","https://skyix.net","","HK","APIX"
"Skywolf IX (Skywolf Internet Exchange)","78397","https://www.skywolf-ix.net","Fremont","US","North America"
"SLIX (Salt Lake Internet Exchange)","486","http://www.slix.net","Salt Lake City","US","North America"
"SMART-IX (Saint-Martin Internet Exchange)","82023","https://www.smart-ix.fr/","Marigot","US","North America"
"SMARTHUB Internet Exchange / SH-IX","356","http://www.smarthubix.ae/","Abu Dhabi","AE","Euro-IX"
"SMILE (Santa Monica Internet Local Exchange)","280","http://lg.smile.smn.lv","Riga","LV","Euro-IX"
"smr-ix (SMR-IX public peering VLAN)","158","http://www.msk-ix.ru/","Samara","RU","Euro-IX"
"SOAX (Southern Oregon Access Exchange)","318","http://soax.org/","Medford","US","North America"
"SOLIX - Stockholm (SOLIX)","159","http://www.sol-ix.net/","Stockholm","SE","Euro-IX"
"SOLIX MTU4470","90737","","","",""
"Somali Internet Exchange Point - Mogadishu","11361","http://soixp.so/","Mogadishu","SO","AFIX"
"SONIX Gothenburg (Sweden Open Network Internet Exchange)","78044","https://sonix.network","Gothenburg","SE","Euro-IX"
"SONIX Malmo (Sweden Open Network Internet Exchange)","86371","https://sonix.network","Malm??","SE","Euro-IX"
"SONIX Stockholm (Sweden Open Network Internet Exchange)","74474","https://sonix.network","Stockholm","SE","Euro-IX"
"SOX - Singapore (Singapore Open eXchange)","193","http://www.sox.net.sg/","Singapore","SG","APIX"
"SOX (Serbian Open eXchange)","336","http://sox.rs/?lang=en","Belgrade","RS","Euro-IX"
"spb-ix (SPB-IX public peering VLAN)","126","http://www.msk-ix.ru/","St.-Petersburg","RU","Euro-IX"
"SpeedIX Internet Exchange (SpeedIX Internet Exchange)","70595","https://speed-ix.net/","","NL","Euro-IX"
"SpokaneIX (Spokane Internet Exchange)","51502","https://spokaneix.net","Spokane","US","North America"
"SpringIX","90794","","","","North America"
"SR-IX (Silk Road Internet Exchange)","11892","https://elcat.kg/en/","","KG","APIX"
"STACIX (Staclar Internet Exchange)","71120","https://stacix.net","Frankfurt am Main","DE","Euro-IX"
"STHIX - Copenhagen (Stockholm Internet eXchange AB)","700","http://www.sthix.net/","Copenhagen","DK","Euro-IX"
"STHIX - Gothenburg (Stockholm Internet eXchange AB)","699","http://www.sthix.net/","Gothenburg","SE","Euro-IX"
"STHIX - Stockholm (Stockholm Internet eXchange AB)","123","http://www.sthix.net/","Stockholm","SE","Euro-IX"
"STHIX - Sundsvall (Stockholm Internet eXchange AB)","16915","https://www.sthix.net/","Sundsvall","SE","Euro-IX"
"STHIX - Ume?? (Stockholm Internet eXchange AB)","27209","http://www.sthix.net/","Ume??","SE","Euro-IX"
"STLIX (Saint Louis Internet Exchange)","69611","http://www.stlix.net","St. Louis","US",""
"STUIX (Student & Technology United Internet Exchanges)","84579","https://stuix.io/","Taipei City","TW","APIX"
"Stuttgart-IX","201","https://www.stuttgart-ix.de","Stuttgart","DE","Euro-IX"
"stw-ix (STW-IX public peering VLAN)","405","http://www.msk-ix.ru/","Stavropol","RU","Euro-IX"
"sumIX (Sumatra Internet Exchange)","83293","https://www.sumix.id/","Pekanbaru","ID","APIX"
"SUR-IX (Suriname Internet Exchange)","80164","http://www.sur-ix.sr","Paramaribo","SR","LAC-IX"
"Suraj IX (Suraj Peering Exchange)","76180","https://ix.surajnetwork.com/","Ghaziabad","IN","APIX"
"SwissIX (SwissIX Internet Exchange)","42","https://www.swissix.ch/","Glattbrugg","CH","Euro-IX"
"Switch #1 (Gavlix)","16801","http://www.gavlix.se","Gavle","SE","Euro-IX"
"SXMIX","72992","http://www.idncom.fr","SAINT-MARTIN","US","North America"
"T-CIX (T-CIX)","644","http://www.t-cix.net/","Sofia","BG","Euro-IX"
"TahoeIX (Tahoe Internet Exchange)","603","http://www.tahoeix.org","Tahoe","US","North America"
"Tallahassee-IX (Ninja-IX)","81438","http://ninja-ix.net","Tallahassee","US","North America"
"TAS-IX (IX Australia (Hobart TAS))","88856","https://internet.asn.au","Perth","AU",""
"tdc-ops-sw1 (SUPRnet)","436","http://suprnet.net/","St. George","US","North America"
"TEHRAN-IX","68612","https://tehran-ix.ir","Tehran","IR",""
"Thai-IX Bangkok by CS Loxinfo","72173","","Bangkok","TH",""
"Thai-IX Malaysia by CS Loxinfo","72171","","","MY",""
"Thai-IX Singapore by CS Loxinfo","72172","","Singapore","SG",""
"THAILAND IX (TH-IX)","90809","","","","APIX"
"TheSCAX (South Coast Access Exchange)","81702","https://thescax.net","Brookings","US","North America"
"THESS-IX (Thess-IX)","69817","https://www.thess-ix.net","Thessaloniki","GR","Euro-IX"
"Thinx (Thinx Warsaw IX)","86","http://en.atman.pl/offer/thinx_internet_exchange","Warsaw","PL","Euro-IX"
"ThorIXP","83035","https://thorix.peering.is/","Hafnarfj??r??ur","IS","Euro-IX"
"Tirol-IX (Tirol-IX)","638","http://www.citynet.at/","Hall in Tirol","AT","Euro-IX"
"TIX Tallinn (Tallinn Internet eXchange)","150","http://tix.estpak.ee/","Tallinn","EE","Euro-IX"
"TIX Tanzania - Arusha (AIXP)","265","http://www.aixp.or.tz/","Arusha","TZ","AFIX"
"TIX Tanzania - Dar es Salaam","53","http://www.tix.or.tz/","Dar es Salaam","TZ","AFIX"
"TIX Tanzania - Dodoma","90770","","","","AFIX"
"TIX Tanzania - Mbeya","90771","","","","AFIX"
"TIX Tanzania - Mwanza IXP (TIX Tanzania - Mwanza IXP)","660","http://www.tix.or.tz/","Mwanza","TZ","AFIX"
"TIX Tanzania - Zanzibar","90769","","","","AFIX"
"TIX Troms?? (Troms?? Internet Exchange)","254","http://www.uio.no/tjenester/it/nett/fastnett/nix/","Troms??","NO","Euro-IX"
"TIX Tuscany (Tuscany Internet eXchange)","135","http://www.tix.it/","Florence","IT","Euro-IX"
"TLLIX (Tallinn Internet Exchange)","163","http://www.tllix.net","Tallinn","EE","Euro-IX"
"TOP-IX (Torino Piemonte Exchange Point)","22","http://www.top-ix.org","","IT","Euro-IX"
"TorIX (Toronto Internet Exchange)","77","http://www.torix.ca/","Toronto","CA","North America"
"TP-IX (Twin Ports IX)","480","http://tp-ix.net","Duluth","US","North America"
"TPA-IX (Tampa Internet Exchange)","625","http://wowforbusiness.com/","Tampa","US","North America"
"TPIX - Taipei (Taipei Internet Exchange)","244","http://www.tpix.com.tw/","Taipei","TW","APIX"
"TPIX (TPIX (Orange Polska Internet Exchange))","81","http://www.tpix.pl/","Warszawa","PL","Euro-IX"
"TR-IX (Turk IX)","68919","http://tr-ix.com","Denizli","TR","Euro-IX"
"TransACT IX (TransACT IX)","366","http://www.transact.com.au","Canberra","AU","APIX"
"TRDIX (Trondheim Internet Exchange)","248","http://www.uio.no/tjenester/it/nett/fastnett/nix/","Trondheim","NO","Euro-IX"
"TREX (TREX Regional Exchanges Oy)","50","http://www.trex.fi/","Tampere","FI","Euro-IX"
"TTIX","101","https://ix.tt","Barataria","TT","LAC-IX"
"TTIX2","16261","https://ix.tt","","","LAC-IX"
"TTPL LAN (Bhutan Internet Exchange)","11780","https://bix.bt/","Thimphu","BT","APIX"
"Tucson-IX (Ninja-IX)","72107","http://www.ninja-ix.net/","","US","North America"
"TunIXP (Tunisian Internet Exchange Point)","69373","https://www.tunixp.tn/tunixp5.html","Tunis","TN","AFIX"
"Turk-IX","14019","https://www.turk-ix.com/","Istanbul","TR","Euro-IX"
"TWIX - Taipei (Taiwan Internet Exchange)","176","http://www.twix.net/","Taipei","TW","APIX"
"UA-IX (Ukrainian Internet Exchange)","52","http://www.ua-ix.net.ua/eng.phtml","Kiev","UA","Euro-IX"
"UEPG Internet Exchange (UEPG IX)","17461","https://ix.uepg.br/","Ponta Grossa","BR","LAC-IX"
"ULN-IX (Ulyanovsk Internet Exchange)","90","http://www.uln-ix.ru/","Ulyanovsk","RU","Euro-IX"
"UNIFI-IX (UNIFI-IX)","571","http://unifi-ix.net","Coventry","GB","Euro-IX"
"UNM-Exch Canada-West","90799","","","","North America"
"UNY-IX (Universitas Negeri Yogyakarta Internet Exchange Point)","44620","http://puskom.uny.ac.id","Yogyakarta","ID","APIX"
"VANIX (Vancouver Internet eXchange)","513","http://www.vanix.ca","Vancouver","CA","North America"
"VarnaIX","16884","https://www.varnaix.net/en/index.html","Varna","BG","Euro-IX"
"VIC-IX (IX Australia (Melbourne VIC))","414","http://www.ix.asn.au/","Melbourne","AU","APIX"
"VIX (Vienna Internet Exchange)","10","http://www.VIX.at/","","AT","Euro-IX"
"VIXP","70549","https://www.vixp.org","Balzers","LI","Euro-IX"
"vlv-ix (VLV-IX public peering VLAN)","231","http://www.msk-ix.ru/","Vladivostok","RU","Euro-IX"
"VNIX - Hanoi (Vietnam National Internet eXchange - Hanoi)","195","http://www.vnnic.vn/en","Hanoi","VN","APIX"
"VNIX - Ho Chi Minh (Vietnam National Internet eXchange - Ho Chi Minh)","196","http://www.vnnic.vn/en","Ho Chi Minh City","VN","APIX"
"VNIX-DN","90779","","","","APIX"
"VOIXP","85723","https://voixp.com/","","","Euro-IX"
"VOLGA-IX","75552","http://volga-ix.ru/","Yaroslavl","RU","Euro-IX"
"VSIX Nap (VSIX)","45","http://www.vsix.it/","Padua","IT","Euro-IX"
"VUIX (Vanuatu Internet Exchange)","479","","Port Vila","VU","APIX"
"W-IX (W-IX)","664","https://www.w-ix.ru","Moscow","RU","Euro-IX"
"WA-IX (IX Australia (Perth WA))","83","http://www.ix.asn.au/","Perth","AU","APIX"
"Willamette Internet Exchange","83284","https://www.thewix.net/","Eugene","US",""
"WIX - Poland (Warsaw Internet eXchange)","156","http://www.wix.net.pl/","Warsaw","PL","Euro-IX"
"WIX - Wellington (Wellington Internet Exchange)","192","http://nzix.net/","Wellington","NZ","APIX"
"WLG-IX (New Zealand Internet Exchange, Wellington)","91692","https://www.ix.nz","Wellington","NZ","APIX"
"WPG-IX (Winnipeg Internet Exchange)","407","http://wpgix.net","Winnipeg","CA","North America"
"WSNL-IX (WSNL INTERNET EXCHANGE PRIVATE LIMITED)","83827","https://wsnl-ix.in","Mumbai","IN","APIX"
"XSIX FMT","90805","","","","North America"
"XSIX VAN","84153","https://xentainsolutions.com/ixp","Vancouver","CA","North America"
"YAR-IX (Yaroslavl Internet Exchange)","478","http://yar-ix.net/","Yaroslavl","RU","Euro-IX"
"YEGIX (YEGIX)","649","http://www.yegix.ca/","Edmonton","CA","North America"
"YRIX (Yellowstone Regional Internet Exchange)","272","http://www.yrix.org/","Billings","US","North America"
"YXEIX (Saskatoon Internet Exchange Inc)","61781","https://www.yxeix.ca","Saskatoon","CA","North America"
"YYCIX (Calgary Internet Exchange)","79","http://www.yycix.ca/","Calgary","CA","North America"
"Zero Internet eXchange Amsterdam","85106","https://ix.TimKevin.us","","",""
"Zero Internet eXchange San Jose","90804","","","","North America"
"ZINX (Zimbabwe Internet Exchange)","266","http://www.zispa.org.zw/zinx.html","Harare","ZW","AFIX"
